review,rating,batch,product
"Love the packaging! Arrived in 2 days from Amazon. My skin has never looked better.",5,Batch-2024-A,Niacinamide Glow Serum
"Product is fine but the pump broke on day 3. Very frustrated with customer support.",1,Batch-2024-B,Ceramide Barrier Cream
"Average experience. Scent is a bit overpowering but works okay.",3,Batch-2024-A,Niacinamide Glow Serum
"Terrible! Burning sensation all over my face. Order reference #ORD-9281928.",1,Batch-2024-B,Ceramide Barrier Cream
"Best sunscreen ever. Zero white cast under makeup. Will definitely order again!",5,Batch-2024-A,Matte Sunscreen SPF50
"Delayed delivery by 8 days. Package was crushed on arrival.",2,Batch-2024-B,Matte Sunscreen SPF50
"The formula is super hydrating and absorbs fast. 5 stars!",5,Batch-2024-A,Hydra Boost Gel
"Gave me tiny bumps and redness within 2 hours of application. Phone: +91-9876543210.",1,Batch-2024-B,Ceramide Barrier Cream
"Decent moisturizer for dry skin during winter months.",4,Batch-2024-A,Hydra Boost Gel
"Completely leaked inside the cardboard box. Dropper is cracked.",1,Batch-2024-B,Niacinamide Glow Serum
