cluster_id,provisional_theme,cluster_size,cluster_pct,top_keywords,representative_rank,distance_to_centroid,row_index,product_name,brand_name,rating,review_text
0,Eye Care & Dark Circles,695,6.95,"eye, cream, eyes, product, eye cream, skin, use, circles",1,0.4483,8058,Powerful-Strength Dark Circle Reducing Vitamin C Eye Serum,Kiehl's Since 1851,5,Wow! I am really impressed with this product. Within the first 7 days of using it I noticed my dark circles lightly fading. I also noticed my puffiness and wrinkles under the eye start to look less and less noticeable. It does everything I’ve been looking for in an eye cream! Definitely would recommend.
0,Eye Care & Dark Circles,695,6.95,"eye, cream, eyes, product, eye cream, skin, use, circles",2,0.4724,5774,Lotus Youth Preserve Eye Cream,fresh,5,"Love this product. I’ve spent a long time shopping around and testing a lot of eye creams and this one is the winner for me. My biggest complaint for my eyes is fine lines as well as dryness/puffiness. This eye cream made noticeable difference in both of those departments. I don’t have particularly dark circles under my eyes, but this cream seems to have brightened up those areas as well.This product applies really nicely, and I like that the cream is fairly thick so you don’t have to use very much. I’ve had it for about a month now and have been using it religiously twice daily and barely used any of it at all."
0,Eye Care & Dark Circles,695,6.95,"eye, cream, eyes, product, eye cream, skin, use, circles",3,0.4898,948,Glow + Get It Cooling & Brightening Eye Balm,TULA Skincare,4,"I love this eye cream!  It instantly cools and brightens the under eye area, which is great for dark circles and puffiness.  Keeps my eyes are hydrated all day.  It has a very light scent so it doesn’t irritate my eyes."
1,Facial Moisturizers & Dry Skin Hydration,2648,26.48,"skin, product, love, moisturizer, dry, use, like, face",1,0.5029,8338,Rose & Squalane Deep Hydration Oil-Infused Serum,fresh,5,I absolutely love this product and I highly recommend it if you have dry skin. I don’t like moisturizers ( I know that’s taboo). This is the only thing I use on my face and I get tons of compliments on my skin.
1,Facial Moisturizers & Dry Skin Hydration,2648,26.48,"skin, product, love, moisturizer, dry, use, like, face",2,0.5164,6851,Water Bank Blue Hyaluronic Cream Moisturizer,LANEIGE,5,This is the one of the best moisturizer i have ever used. It is so light and feel so smooth on the skin. My skin looks so glowy after  using it for 1 week only.  I’m so amazed with the results. It makes your skin so hydrating and i noticed a big difference in my skin after using it. 100% recommended. It is gifted by Laneige
1,Facial Moisturizers & Dry Skin Hydration,2648,26.48,"skin, product, love, moisturizer, dry, use, like, face",3,0.5211,2816,C.E.O Glow Vitamin C + Turmeric Face Oil,Sunday Riley,5,I love this product! It makes my skin fell smooth and refreshed. I apply it every night that I go to sleep and in the morning my face feels moisturized.
2,"Acne, Breakouts & Skin Clearing Treatments",2780,27.8,"skin, product, use, face, using, acne, love, like",1,0.5108,5164,U.F.O. Salicylic Acid BHA Acne Treatment Face Oil,Sunday Riley,5,In love with this product! I have only been using this for 72 hours but my skin already looks so much better. My acne is clearing and I haven’t had any new breakouts since using this. This is 100% worth the money.
2,"Acne, Breakouts & Skin Clearing Treatments",2780,27.8,"skin, product, use, face, using, acne, love, like",2,0.5128,1171,Powerful-Strength Vitamin C Serum,Kiehl's Since 1851,4,This is a great product!  I have used it for a few weeks and have noticed the difference in my skin.
2,"Acne, Breakouts & Skin Clearing Treatments",2780,27.8,"skin, product, use, face, using, acne, love, like",3,0.5178,1256,D-Scar Scar Diminishing Serum,Kate Somerville,5,"I got a deluxe sample of this about a year ago and after using that up I decided to take the plunge. In conjunction with other skin care products that work well with my skin type, I can definitely tell a difference with this product and it has drastically reduced my hyper pigmentation and dark spots due to acne scarring"
3,Lip Care & Balms,1622,16.22,"love, product, lips, skin, use, like, lip, really",1,0.6259,9169,CLINICAL 1% Retinol Treatment,Paula's Choice,5,"received my complimentary Paula’s Choice a couple weeks ago, I love it!! It works great, makes my skin feel soft and clean.  Easy to use. I will definitely purchase more of this product. It’s the first time I have used it, and I’m really glad I gave it a try. Thank you for my free product"
3,Lip Care & Balms,1622,16.22,"love, product, lips, skin, use, like, lip, really",2,0.6262,8395,Aqua Bomb Overnight Lip Mask,belif,5,"I am obsessed with this product! My lips tend to get dry often so it’s my nightly routine to put some good lip balm on before bed and after receiving this to try, I am officially going to stick to this one. It makes your lips so nice and smooth and it’s also great to put on top of lipstick for some extra gloss"
3,Lip Care & Balms,1622,16.22,"love, product, lips, skin, use, like, lip, really",3,0.6274,3751,Lip Sleeping Mask Intense Hydration with Vitamin C,LANEIGE,5,This stuff is amazing!  I noticed a difference the first night that I used it.  I use it most nights and I even put it on while getting ready in the morning.   It is so hydrating and makes my lips feel wonderful.
4,"Fragrance, Scent & Sensory Properties",1108,11.08,"skin, product, smell, like, love, scent, smells, really",1,0.5038,5321,Bright Start Vitamin C Antioxidant Brightening Moisturizer,TULA Skincare,5,This smells AMAZING. I love how my skin felt after i used it makes me feel more refreshed. First time using this brand but i will definitely buy more.
4,"Fragrance, Scent & Sensory Properties",1108,11.08,"skin, product, smell, like, love, scent, smells, really",2,0.5073,2417,GinZing Ultra-Hydrating Energy-Boosting Cream,Origins,5,Absolutely love this moisturizer! The smell is fantastic! It hydrates your skin without making it feel oily or sticky. My skin felt so refreshed after using this moisturizer! I received this product as a free sample from Influenster. I will definitely be purchasing more!!
4,"Fragrance, Scent & Sensory Properties",1108,11.08,"skin, product, smell, like, love, scent, smells, really",3,0.5124,3574,Abeille Royale Advanced Youth Watery Oil,GUERLAIN,5,This product smells really nice and feels very moisturizing on the skin. My face looks and feels great after using it. If you are sensitive to scents I would avoid this product. I received this product for free from Influenster in exchange for an honest review.
5,"Cleansers, Face Wash & Makeup Removal",1147,11.47,"skin, cleanser, face, use, makeup, product, love, like",1,0.4657,6201,Soy Hydrating Gentle Face Cleanser,fresh,5,"This is such a gentle cleanser, doesn’t dry out my skin, you only need a little and it easily removes makeup. Also love that it doesn’t make my skin breakout, it’s not highly scented and it doesn’t sting if you open your eyes with it on your face"
5,"Cleansers, Face Wash & Makeup Removal",1147,11.47,"skin, cleanser, face, use, makeup, product, love, like",2,0.477,3031,Mini Rice Wash Skin-Softening Cleanser,Tatcha,4,I really like this cleanser. My skin felt very hydrated and seemingly brighter after a month of consistent use. The smell is refreshing and the exfoliation it provides is nice. I think it worked best when my face was really wet before applying the product.
5,"Cleansers, Face Wash & Makeup Removal",1147,11.47,"skin, cleanser, face, use, makeup, product, love, like",3,0.4888,3910,Ultra Facial Cleanser,Kiehl's Since 1851,5,LOVE this cleanser.  It thoroughly removes all make up and keeps my face feeling soft and smooth.  it does not dry my face out like most cleansers do.  I had a healthy glow after use and would recommend to anyone with slightly oily skin!  I received this product for free or complimentary for testing purposes.
