sample_type,review_id,row_index,cluster_id,assigned_theme,distance_to_centroid,rating,product_name,brand_name,review_text
random_sample,REV_05145,5145,0,Eye Care & Dark Circles,0.8177,5,Retinol Anti-Aging Serum,The INKEY List,"I received a free sample of The Inkey List Retinol Anti-Aging Serum from PinchMe and must say I was pleasantly surprised. I wasn’t sure what exactly to expect as a women in her 40’s from a retinol serum, but it actually helped improve fine lines. I highly recommend this product!"
random_sample,REV_09661,9661,0,Eye Care & Dark Circles,0.6217,5,Premier Cru Dark Circle Correcting Eye Cream,Caudalie,"I received a free sample of this Caudalie Premier Cru Dark Circle Correcting Eye Cream in exchange for my honest review. This eye cream is my new go-to eye cream. It does an amazing job brightening and de-puffing under eyes. It’s texture is so creamy and soft.I absolutely love the metal tip applicator - it works beautifully to use it to massage in the cream, and it instantly de-puffs. I would highly recommend this product. #freeproduct #trywithtopbox"
random_sample,REV_03415,3415,0,Eye Care & Dark Circles,0.8543,5,Retinol Eye Stick,Peace Out,"I was hesitant as I have dark circles, crows feet, and bags under my eyes. should really say had. 2 weeks in and the crows feet are surely disappearing, the bags are also. I’m sure with more time and patience that the dark circles will too. I definitely recommend this. it is a little bit more than I intended to spend but I’m hooked and already purchased a second."
random_sample,REV_04501,4501,0,Eye Care & Dark Circles,0.6561,5,Caffeine Eye Cream,The INKEY List,"this eye cream has such a silky texture, feels so light on my skin!"
random_sample,REV_04224,4224,0,Eye Care & Dark Circles,0.6392,4,Retinol Fast-Release Wrinkle Reducing Night Serum,Kiehl's Since 1851,"I have been using this serum for several weeks now since I received it to try out.  The first thing that really threw me with this product is that you have to mix it prior to first use.  I know one issue for me was concern that I did not mix it up well enough.  I also felt that after mixing and removing the base there seemed to be a lot of product wasted.  I never had any irritation from this product maybe a slight redness on the first or second night, but overall no big issues.    I do think after I use this I will buy again.  I have definitely seen improvement on fine lines especially around my mouth.  As you can see in the pictures attached.  I have seen some slight improvements on my deeper lines around my eyes already but overall fine lines are looking better in just a few weeks!  I would recommend trying this."
random_sample,REV_02654,2654,0,Eye Care & Dark Circles,0.6017,5,Avocado Fine Line Eye Cream with Retinol,Glow Recipe,I really like this eye mask. It de-puffs my eyes and leaves them feeling moisturized. It’s reduced my eye wrinkles. I don’t have very dark circles under my eye so I can’t comment on that. I would recommend this product!
random_sample,REV_04907,4907,0,Eye Care & Dark Circles,0.8227,4,Cryo-Recovery Depuffing Eye Serum,Charlotte Tilbury,I really like the applicator and the cooling effect when applying but unfortunately don’t feel like I’ve seen much results for the price. I have only been using about a week or two and I forgot sometimes so that may be the problem and not the actual product. The eye roller applicator is the best though. Very soothing.
random_sample,REV_02284,2284,0,Eye Care & Dark Circles,0.5543,3,Mini Ultra Facial Moisturizing Cream with Squalane,Kiehl's Since 1851,"This product is good , but not great- at least for my skin type. I personally feel like first aid beauty moisturizing cream was better. I use this now around eye area just  so I dont totally waste the product. I will not repurchase."
random_sample,REV_04489,4489,0,Eye Care & Dark Circles,0.5748,5,5 Stars Retinol + Niacinamide Eye Serum,Sunday Riley,The Sunday Riley 5 Stars Retinol Eye Serum is everything i could hope for and more! It’s soaks in my under eyes quickly with no greasy feeling. This is amazing for my sensitive eyes and gentle enough to use every night. It’s super calming and a little goes a long way. It reduced the texture under my eyes as well. I couldn’t be happier with this eye serum.
random_sample,REV_03413,3413,0,Eye Care & Dark Circles,0.5488,4,Brighten-i Eye Cream,The INKEY List,This eye cream works pretty well. I like the coolness of the application - it feels very refreshing on my face.
random_sample,REV_06365,6365,1,Facial Moisturizers & Dry Skin Hydration,0.7668,5,"UV Expert Aquagel Defense Sunscreen, Primer & Moisturizer SPF 50 Duo",Lancôme,Love this. It can easily be rubbed into the skin and leaves no white residue. In the summer I don’t even wear foundation when I have this on and in my early 40s that’s impressive. The only downfall is there is a slight smell to it but I haven’t really found a good sunscreen that doesn’t. I tried a few other brands this spring thinking I could find one for more value but all have been returned and I just repurchase this one.
random_sample,REV_09219,9219,1,Facial Moisturizers & Dry Skin Hydration,0.8059,5,Isle Glow Face Moisturizer SPF 45 with Sea Moss and Niacinamide,CAY SKIN,"I wore this all summer. I liked the glow and loved the sun protection. Also, it wears well under foundation which is sometimes hard to find in a moisturizer."
random_sample,REV_02999,2999,1,Facial Moisturizers & Dry Skin Hydration,0.6877,5,Water Drench Hyaluronic Acid Moisturizer,Peter Thomas Roth,"I don’t really ever leave reviews, but I’ve been using this product for a solid 2 months now and I am OBSESSED. I love that this product is so lightweight. (I also use the Water Drench Cloud Cream Cleanser which is equally as light weight). This product makes me feel like I’m glowing and my skin is softer than ever. It’s been about two solid months of using this moisturizer and I will never look at anything else. LOVE it."
random_sample,REV_07045,7045,1,Facial Moisturizers & Dry Skin Hydration,0.6588,5,Acne+ 2% BHA and Azelaic Acid Acne Spot Treatment,Skinfix,So I have loved everything Skinfix for the last couple of years especially during the cold winter months with my skin needs moisture the most. Every product Skinfix makes is definitely top notch and deeply hydrating.
random_sample,REV_03769,3769,1,Facial Moisturizers & Dry Skin Hydration,0.6311,4,Soft Clean Infusion Hydrating Treatment Lotion,Estée Lauder,"I received this product complimentary from Influenster to try. I enjoyed this product. A little definitely goes a long way so this product will last you awhile. I have dry skin and it felt really nice on my skin, for the price I would recommend this product!"
random_sample,REV_03428,3428,1,Facial Moisturizers & Dry Skin Hydration,0.6516,4,Mini Revitalizing Supreme+ Youth Power Creme Moisturizer,Estée Lauder,I can see a big difference in my skin! This product is very moisturizing and it brightens your skin. The reason that I gave it 4 stars is because I wish that it didn’t have scent in the ingredients.
random_sample,REV_06890,6890,1,Facial Moisturizers & Dry Skin Hydration,0.8121,5,100 percent Pure Argan Oil,Josie Maran,"This stuff is awesome! I’ve used other oils for my hair and this one sits at the top of the list. I just put a few drops in the palm of my hand, rub them together, and smooth through towel dry hair. It leaves a little left over residue on your palms so just use that for your knees or elbows and they are super soft! This makes your hair really shiny and gives it a yummy scent, I will definitely be purchasing this again. :)"
random_sample,REV_03803,3803,1,Facial Moisturizers & Dry Skin Hydration,0.71,3,Mini C.E.O. Vitamin C Brightening Rich Hydration Moisturizer,Sunday Riley,Cream is too thick and leaves residue on your hands after. Feels too thick on your skin rather than smooth and hydrating. Only pro is it smells great.
random_sample,REV_05292,5292,1,Facial Moisturizers & Dry Skin Hydration,0.7106,5,Daily Greens Oil-Free Gel Moisturizer with Moringa and Papaya,Farmacy,"I just love the aesthetic design of this moisturizer for some reason. It’s a great summer cream, light but not too watery."
random_sample,REV_04495,4495,1,Facial Moisturizers & Dry Skin Hydration,0.5804,5,Emerald Hemp Seed Deep Moisture Glow Oil,Herbivore,"I used this when I was experiencing really dry, tight, damaged skin and it was extremely soothing and helped lock in a lot of moisture. It’s lightweight enough to use in the morning under my makeup and absorbs quickly. Highly recommend giving it a try."
random_sample,REV_05609,5609,2,"Acne, Breakouts & Skin Clearing Treatments",0.6617,5,Mini Barrier+ Triple Lipid-Peptide Face Cream,Skinfix,"literally cleared my skin so much when i paired it with the glow recipe watermelon toner and cetaphil gentle skin cleanser , def recommend but you have to really trust the process cuz it took like 3 months bc of me using too much for my skin but yeah please get it its so good and will prob work fast for u as long as you keep your skin routine short"
random_sample,REV_04007,4007,2,"Acne, Breakouts & Skin Clearing Treatments",0.7211,5,Salicylic Acid Acne Healing Dots,Peace Out,These are my holy grail! I’ve tried soooo many acne products and countless spot treatments and pimple patches and these are my everything. I always make sure I stock up on these because I can’t go without them. I will forever recommend these to anyone and everyone.
random_sample,REV_05255,5255,2,"Acne, Breakouts & Skin Clearing Treatments",0.7578,5,Soy Hydrating Gentle Face Cleanser,fresh,"Let me start off by being annoying and say that I have never had bad skin. Not even during puberty. In college I had the worst diet, stayed out late and STILL had beautiful skin. This past year all of a sudden, (of course when I am my most responsible with diet and exercise) I started getting red patches on my cheek, not white heads, but red bumps which wouldn’t go away. I was reading every skin care review possible. I looked at Allure every day for drug store/higher end brand reviews. I tried all natural remedies, argan oil, clarisonics, Murad (which I use to use) and was becomming very desparate. I received a sample of Soy Cleanser in the mail and tried it because I had nothing to lose. The texture and silkiness alone made me a convert. My skin as cliche as it sounds felt fresh for the first time and baby soft. I now wash my face with the Soy cleanser twice a day and moisterize with the ever amazing Lotus skin renewal. My face has been clear and gorgeous for over a month now and I am in heaven. I literally look forward to washing and using Fresh products; they feel like a dessert for your face!!!"
random_sample,REV_03301,3301,2,"Acne, Breakouts & Skin Clearing Treatments",0.7284,2,EradiKate Acne Treatment,Kate Somerville,"This does work, but it’s very harsh and drying. It made my makeup look uneven the day after applying it because it dried my skin out so much where I applied it. The smell is also very strong. I had to return after one use, I didnt like the idea of applying something so strong like that to my face."
random_sample,REV_01894,1894,2,"Acne, Breakouts & Skin Clearing Treatments",0.7429,5,AHA/BHA/Retinoid Daily Clarifying Peel,Murad,"I use a chemical exfoliant 1-2x per week for my sensitive skin, and I’ve really enjoyed the Murad Daily Clarifying Peel over the past few weeks. It’s effective at keeping my pores clear, which is the main reason I use chemical exfoliants. Just be sure to shake it since it has a dual-phase formula."
random_sample,REV_05511,5511,2,"Acne, Breakouts & Skin Clearing Treatments",0.6931,2,Beste No. 9 Jelly Cleanser,Drunk Elephant,i was so excited to try this out after getting it from the birthday bundle since i heard great things about it: made me break out a few days later and i barely have problems with acne
random_sample,REV_05250,5250,2,"Acne, Breakouts & Skin Clearing Treatments",0.7029,4,The POREfessional Speedy Smooth Mask,Benefit Cosmetics,It was gifted by Benefit Cosmetics. I used this mask this morning. It’s in a Tiffany color which I like. Smells like typical mug/clay mask which I don’t mind. I applied an even layer after cleansing on dry skin. It took about 10min for the mask to be completely dried. I then rinsed with warm water. I felt my skin was brighter after the mask. I can’t say it does too much to my pores yet. So I will continue using it in hope to see more good result.
random_sample,REV_08953,8953,2,"Acne, Breakouts & Skin Clearing Treatments",0.698,4,Mini The Essence  Skincare Boosting Treatment,Tatcha,"I received this #complimentary along with The Essence for testing purposes. I remove all my makeup followed by The Essence to prep my face for the Violet-C Brightening Serum to help with my redness and uneven skin texture. Other Vitamin C serums are way to sticky/tacky and I don’t like feeling. This is light and absorbs instantly. I have definitely noticed a difference in the texture of my skin. I didn’t have pigmentation to start with, however I can see that my skin is smoother and more even. The Violet-C Brightening Serum is packed with a 10 percent concentration of exfoliating alpha hydroxy acids sourced from seven different fruits to promote radiance and boost the brightening effects of vitamin C. Definitely recommend! #ISeeVioletC #influenster #tatcha #skincare #selfcare #skinbrightening"
random_sample,REV_09625,9625,2,"Acne, Breakouts & Skin Clearing Treatments",0.6926,4,Avocado Nourishing Hydration Mask,Kiehl's Since 1851,Really nice results from this mask. My skin feels really soft and nourished (I have oily skin and it doesn’t clog pores). I apply a small quantity and warm it up between my fingers before applying to face. It’s very rich and full of good ingredients I don’t expect it to be smooth and easy to apply I just care for it to work.
random_sample,REV_05878,5878,2,"Acne, Breakouts & Skin Clearing Treatments",0.7759,5,Confidence in a Cream Anti-Aging Hydrating Moisturizer,IT Cosmetics,"I used this over the course of the past 2 weeks, and I am not sure I will ever stop using it. The texture of the cream is great. You almost immediately feel a difference with the skin. It is firm and revitalized within days of using it. I do not have a huge wrinkle problem (yet), but it does feel like smoothened the lines that I already have.I think this is much better than a lot of other more expensive creams I tried, and I would recommend giving it a try."
random_sample,REV_00838,838,3,Lip Care & Balms,0.7714,5,Unseen Sunscreen SPF 40 PA+++,Supergoop!,Love this. apply smooth. Only one my toddler will put on his face without fighting. I will apply over makeup mid day to keep me protected.
random_sample,REV_05297,5297,3,Lip Care & Balms,0.7589,5,10% Niacinamide Night Mask,Farmacy,"This is such a pretty color! I love purple but there aren’t that many purple-toned skincare products from brands I like so this is a welcome surprise. As a visual person, this definitely adds to the experience for me. I like the formula too, it’s thick but absorbs pretty well so I don’t smear it all over my pillowcase. My skin always feels so soft and hydrated in the morning! gifted by Farmacy Beauty"
random_sample,REV_05203,5203,3,Lip Care & Balms,0.7323,5,Mask-imum Revival Hydra-Plumping Mask,Naturally Serious,"I’m impressed. Received as a sample, tried it for the first time last night. It was very moisturizing, plumping and (knock on wood) didn’t cause my sensitive skin to feel irritated or break out. I think I’m going to purchase a full size pretty soon."
random_sample,REV_07522,7522,3,Lip Care & Balms,0.962,5,Power Couple Advanced Retinol and Lactic Acid Duo,Sunday Riley,This set is amazing after the first use I noticed a huge difference. I reorder two more sets during the sale. I wish the Good Genes was a larger size but I can’t be without these.
random_sample,REV_03867,3867,3,Lip Care & Balms,0.7361,5,Glow Lip Pop Lip Balm,Glow Recipe,Gifted by Glow Recipe. Absolutely adore this lip balm. The scent is amazing and it makes my lips feel silky smooth and hydrated! I also appreciate the slight pink tint it gives my lips. Can’t wait to try the watermelon one.
random_sample,REV_07177,7177,3,Lip Care & Balms,0.9588,1,The Silk Peony Melting Eye Cream,Tatcha,"It does not melt is cakes. Does not absorb, sits like a top inconvenient layer interfering with the rest of your moisture routine. Have to ready run it around the eye area which leaves the skin feeling sore. Although their other products are great, this is a solid disappointment and waste of a lot of money. Disappointing!"
random_sample,REV_09835,9835,3,Lip Care & Balms,0.8618,5,Confidence in a Gel Lotion,IT Cosmetics,Great Product! Works well even when the weather is dry! I recommend!
random_sample,REV_09391,9391,3,Lip Care & Balms,0.7931,5,Acne Solutions Cleansing Bar For Face and Body,CLINIQUE,"Love it! Been using this line of product, I have been using it for 3 years and I won’t change ever!"
random_sample,REV_05943,5943,3,Lip Care & Balms,0.8408,3,Vitamin C Suspension 23% + HA Spheres 2%,The Ordinary,"I just put 3 stars because I know the formula of what contains is excellent, but i dont really like the texture of the product. I was expecting a jelly water formula and it’s the complete opposite. But for the formula I recommend the product. It isn’t bad."
random_sample,REV_01719,1719,3,Lip Care & Balms,1.0266,5,Epidermal Re-Texturizing Micro-Dermabrasion,Kiehl's Since 1851,I feel like this gets every little bit off.  Love it.
random_sample,REV_05696,5696,4,"Fragrance, Scent & Sensory Properties",0.7271,1,Mini Faded Serum for Dark Spots & Discoloration,Topicals,"It honestly smells exactly like Nair hair removal r cream. The smell is so strong I have to hold my breath to put it on and the smells does linger afterwards. I haven’t seen any noticeable improvements yet, will not re purchase"
random_sample,REV_06650,6650,4,"Fragrance, Scent & Sensory Properties",0.8521,5,Rose & Hyaluronic Acid Deep Hydration Toner,fresh,I love this rose toner it’s really fresh and smell like roses
random_sample,REV_00598,598,4,"Fragrance, Scent & Sensory Properties",0.8277,2,Mini Noni Glow Face Oil,KORA Organics,Not for me. Don’t like the smell and it caused lots of white heads on my chin and forehead.
random_sample,REV_06161,6161,4,"Fragrance, Scent & Sensory Properties",0.8454,5,Watermelon Glow Ultra-Fine Mist,Glow Recipe,Really fine mist and it helps make my powder melt into my skin I like it
random_sample,REV_05977,5977,4,"Fragrance, Scent & Sensory Properties",0.6971,5,Full Spectrum 360° Sun Silk Drops Organic Sunscreen SPF 30,COOLA,"Absolutely loved this product! Works wonders, smells amazing, and is so worth it!! Will be getting this again!"
random_sample,REV_05671,5671,4,"Fragrance, Scent & Sensory Properties",0.658,3,Vitamin B Serum with 5% Niacinamide and Peptides,Alpha-H,"This is a good product for those looking for an easy going serum. The packaging is beautiful, however I was expecting a better scent. But that aside, this product felt great going onto a clean face"
random_sample,REV_04784,4784,4,"Fragrance, Scent & Sensory Properties",0.7277,5,Whipped Argan Oil Face Butter,Josie Maran,"First, love love love that it is a more natural product.  The texture is really nice and goes on very smoooth (I have not had problems with pilling).  Also, it’s definitely very moisturizing.  Some other reviewers have mentioned not liking the smell, but I actually like the smell, if you can even call it a smell - its pretty much non-existent (who wants a bunch of fragrance, that’s not natural!) so maybe the reviews are from people used to heavy fragrance in their products?"
random_sample,REV_00866,866,4,"Fragrance, Scent & Sensory Properties",0.7449,4,Wild Rose Brightening Absolute Oil,KORRES,"Very nice! Haven’t noticed a huge change yet, but I’ve only had it two days, and the product is certainly working for my friend. Not at all thick and annoying, and the fragrance is light and “simple”. A little goes a long way btw. I feel so high-class using this. :)"
random_sample,REV_05927,5927,4,"Fragrance, Scent & Sensory Properties",0.7321,4,Turmeric Glow Brightening Moisturizer,KORA Organics,"I was so excited to get to try this for free. The packaging is beautiful! I love the idea of using pods for refills. Very luxurious moisturizer. I do not like the smell. All I can smell is turmeric..not a fan of it.  But it did leave my skin soft, and smooth. Will definitely continue to use."
random_sample,REV_03103,3103,4,"Fragrance, Scent & Sensory Properties",0.7629,5,The Silk Peony Melting Eye Cream,Tatcha,"First time trying a Tatcha product and I wasn’t disappointed. It is very hydrating which I love because my skin goes through random phases where it becomes extremely dry around my eyes. The only thing I wasn’t crazy about was the fact that it had a fragrance. It wasn’t a horrible scent, but I don’t like putting fragrances on my face."
random_sample,REV_02483,2483,5,"Cleansers, Face Wash & Makeup Removal",0.5846,5,Daily Microfoliant Exfoliator,Dermalogica,"I love this product for a DEEP clean!  I add a small amount of water and really work the product into my skin and it feels like it gets EVERYTHING out, especially my left over makeup from my initial cleanse!  I can;t wai tto use this in the summer time to get all of my dead skin off or when I need a skin refresh.  Absolutely LOVE this!"
random_sample,REV_09705,9705,5,"Cleansers, Face Wash & Makeup Removal",0.6997,5,Superfood Antioxidant Cleanser,Youth To The People,"Left my skin feeling cleanser and soft, not squeaky clean which creates micro tears and more flare ups. I love to use this for my combination skin, and even left my mom’s dry skin with rosacea much more calm with significantly less redness."
random_sample,REV_07511,7511,5,"Cleansers, Face Wash & Makeup Removal",0.6104,4,Purifying Pore Detox Cleanser,Tata Harper,"It is a good cleanser. I don’t understand how it is rated higher than the clarifying cleanser, but I certainly do see my pores looking better and the overall balance of my skin is getting better too, but I can’t give the praise to solely this product because I use a variety of skincare for my morning and night routine.I will say, I wish the product didn’t feel like it was just sweeping into the water—it just doesn’t seem like i’m really cleaning my face. So I would suggest using another cleanser if you really want to feel clean."
random_sample,REV_03647,3647,5,"Cleansers, Face Wash & Makeup Removal",0.8565,5,Cleansing & Exfoliating Wipes,SEPHORA COLLECTION,I love these!!! I use the green version but it will not showing up for the review. It is a pretty strong scrub on one side and a nice feeling cloth on the other. It cleanses superbly and doesn’t have a strong smell. I can’t find anything like this in any other brand.
random_sample,REV_09901,9901,5,"Cleansers, Face Wash & Makeup Removal",0.773,2,Sugar Hydrating Lip Balm,fresh,"This lip balm did not work for me at all. I always exfoliate my lips before applying lip balm or any lip products. When I applied this, it left a white cast on my lips and I had to go in and massage it on my lips thoroughly to get the white cast off. Next, it smells like plastic and I cant get the smell off. Even after wearing it for a while, the smell does not go away and it just bothers me. Once you look past the smell, sticky feel and the white cast, it is okay at hydrating and has minty feel on the lips. But I dont think you need to spend $20 for a lip balm with such cons. I tried this lip balm without any lip scrubs, I tried it with lip scrub (Lush), and I tried it with and without lip mask (Laneige). However, I still get the sticky feel, the smell.If you truly need a lip that does not feel sticky, has no smell, leaves no white cast, and is truly full of hydration and nourishment....try the Tatcha lip balm ($36). Yes, it is expensive, but everything about the Tatcha lip balm is worth it.I usually buy EOS or the Burt Bees lip balms because I like minty feeling on my lips. But once I discovered Tatcha lip balm, I have not gone back to the drugstore ones."
random_sample,REV_00910,910,5,"Cleansers, Face Wash & Makeup Removal",0.5973,5,Argan Cleansing Oil,Josie Maran,"I love to use this product at night to start my cleansing process, it feels so wonderful to remove your makeup. I have even gotten used to the bitter taste as the other reviews have noted if you get it on your lips. The only flaw is the bottle design, it continually leaks, need to go back to the design drawing board for that, I bought a beautiful glass dispenser and that did the trick. I have combo skin that is very sensitive and highly reactive with acne at times, this cleanser is very calming, my skin looks forward to its nightly routine. Lush is the best word to describe it."
random_sample,REV_07276,7276,5,"Cleansers, Face Wash & Makeup Removal",0.6177,4,Smoothing Facial Polish - Imperial Glow,RANAVAT,This cleanser did a great job of exfoliating and brightening my skin. I don’t know that I could see a difference right away but my skin felt very refreshed and clean and it didn’t dry it out which can happen with these exfoliating products. Loved it but a little pricey for me so I’m a maybe on buying it. It’s really nice though!
random_sample,REV_09813,9813,5,"Cleansers, Face Wash & Makeup Removal",0.7277,5,The Rice Wash Skin-Softening Cleanser,Tatcha,"I absolutely love my rice wash cleanser from Tatcha!! It is the perfect facial cleanser!! It left my face feeling refreshed, hydrated and soft!! It is my new go to! It’s gentle and has amazing, clean ingredients!!!"
random_sample,REV_07416,7416,5,"Cleansers, Face Wash & Makeup Removal",0.653,5,Acne Control Clarifying Cream Cleanser,Murad,This is a very nice cleanser. Prior to this I was using Proactiv and similar brands. This cleanser combines a toner in the formula and I found that all of the makeup residue is removed with the cleanser. I use a makeup remover prior to cleansing and use my clarisonic... there is a lot of product in the container for the price... will probably purchase again.
random_sample,REV_05362,5362,5,"Cleansers, Face Wash & Makeup Removal",0.8536,5,Soy Hydrating Gentle Face Cleanser,fresh,"Fresh and natural. It is a very good daily cleanser, one of better ones out there. For those that are sensitive to “natural scents“ I don’t recommend it just because it does have a little hint of the soy scent to it."
