sample_type,percentile_rank,review_id,row_index,cluster_id,assigned_theme,distance_to_centroid,rating,product_name,brand_name,review_text
representative_percentile,0th percentile,REV_08058,8058,0,Eye Care & Dark Circles,0.4483,5,Powerful-Strength Dark Circle Reducing Vitamin C Eye Serum,Kiehl's Since 1851,Wow! I am really impressed with this product. Within the first 7 days of using it I noticed my dark circles lightly fading. I also noticed my puffiness and wrinkles under the eye start to look less and less noticeable. It does everything I’ve been looking for in an eye cream! Definitely would recommend.
representative_percentile,10th percentile,REV_02622,2622,0,Eye Care & Dark Circles,0.5701,5,Advanced Génifique Wrinkle & Dark Circle Eye Cream,Lancôme,"Obsessed! I have tried many different eye creams and skin care products through the years because...let’s face it...not getting any younger!I used to work for another big beauty company as a trainer so ingredients and education behind skincare are very important to me.  I needed an eye cream to do multiple things for me and pack a punch and I’m so picky with what I will put into my regular line up of products.Enter this eye cream! This not only helped with anti-aging, but my dark circles (I’ve got a newborn we know how this goes). It’s not only what it can do but the feel of this cream is what sold me, it’s not just a gel and disappears, it’s got a creamy feel to it that smooths over my skin. It leaves my eyes feeling cool and refreshed. I even made my husband try it! Honestly, it is a product I would recommend so much that even though I was given some to try I have already purchased for my daily routine."
representative_percentile,20th percentile,REV_06445,6445,0,Eye Care & Dark Circles,0.5964,4,Restorative Plumping + Brightening Eye Cream,Tata Harper,"This is a nice eye cream. The packaging is top notch. It’s not too thick, absorbs well, and has a fragrance I like. I haven’t tried it for too long so maybe some of the benefits will come later but I find it hard to justify the price."
representative_percentile,30th percentile,REV_01815,1815,0,Eye Care & Dark Circles,0.6163,5,Argan Pro-Retinol Eye Cream,Josie Maran,#giftedbyJosieMaran this eye cream is absolutely my new favorite - it goes on creamy and smooth and smells amazing - i already see and feel the difference in the hydration of my skin under my eyes and it’s only been about a week.
representative_percentile,40th percentile,REV_02297,2297,0,Eye Care & Dark Circles,0.6365,5,Hello FAB Coconut Water Cream,First Aid Beauty,"I am obsessed with this cream! I have severe eczema on my eyelids and around my eyes that flares up during the summer. I have never found a product that actually clears it up: flakes and all. I have used it the past two days morning and night and I’ve gone from a flakey, red, swollen eye monster to actually looking normal. I will definitely be buying this again!"
representative_percentile,50th percentile,REV_06496,6496,0,Eye Care & Dark Circles,0.658,5,SKINPOWER Eye Cream,SK-II,"I received this product complimentary from Influenster in exchange for my honest review! This eye cream is so luxurious and CREAMY! Wow — I had never tried SKII eye cream before and I am truly impressed. Sometimes, it really is worth paying the higher price for a luxury product. I would definitely purchase this again and will be buying it as soon as I run out. Love, love, love! My eyes felt instantly more hydrated. It didn’t sting and my eye area looks more plump and smooth after using this for a few weeks."
representative_percentile,60th percentile,REV_01097,1097,0,Eye Care & Dark Circles,0.678,5,Lotus Youth Preserve Rescue Mask,fresh,"This is the one and only mask that I continue to buy over and over again. I actually hate being without it and cannot find anything to replace it. It truly makes a noticeable difference, even upon the first use. My skin feels tighter, smoother, and looks brighter. The one caveat with this is the smell isn’t great (it smells like seaweed to me), but considering it’s a mask that only stays on your face for a bit I could care less about the smell. Seeing actual results from a face mask is what i’m looking for and this one truly does show results. I’m a big fan of Fresh’s Youth Preserve line overall and my skin seems to love whatever ingredients they use in this line of products. I also use the line’s eye cream and it is just as effective as the mask. I highly recommend trying this mask out. It really is a wonderful product!!!"
representative_percentile,70th percentile,REV_09123,9123,0,Eye Care & Dark Circles,0.7052,5,Advanced Night Repair Eye Concentrate Matrix Synchronized Multi-Recovery Complex,Estée Lauder,This stuff is a miracle worker :) It helped so much with the bags under my eyes and my crows feet. I am obssesed with this product.
representative_percentile,80th percentile,REV_02759,2759,0,Eye Care & Dark Circles,0.7359,5,The Eye Concentrate Cream,La Mer,"I received from LA MER : THE EYE CONCENTRATE.I love the products of this brand, and this eye contour cream has become my favorite, it leaves the area very hydrated and makes my makeup look very beautiful and natural. They are somewhat expensive but every penny is worth it."
representative_percentile,90th percentile,REV_05885,5885,0,Eye Care & Dark Circles,0.7913,5,The Eye Concentrate Cream,La Mer,To say I’m obsessed is an understatement!!! This eye concentrate is so good! It instantly plumps my under eye and fills in the fine lines. What I love most about it though is how it feels on my skin! It is so light and soaks right in- which is not normal with a heavy eye cream
representative_percentile,0th percentile,REV_08338,8338,1,Facial Moisturizers & Dry Skin Hydration,0.5029,5,Rose & Squalane Deep Hydration Oil-Infused Serum,fresh,I absolutely love this product and I highly recommend it if you have dry skin. I don’t like moisturizers ( I know that’s taboo). This is the only thing I use on my face and I get tons of compliments on my skin.
representative_percentile,10th percentile,REV_07378,7378,1,Facial Moisturizers & Dry Skin Hydration,0.5959,2,Cica Sleeping Mask,LANEIGE,"I was so excited to try this out after reading all the reviews. It never absorbed into my skin and didn’t leave me feeling moisturized, but greasy. It also broke me out. I’m glad I only got a sample and did not buy the whole thing."
representative_percentile,20th percentile,REV_02041,2041,1,Facial Moisturizers & Dry Skin Hydration,0.6219,3,Dreamskin Skin Perfector,Dior,I received this product to try and review. I like it so far and have been using it under my makeup for the past few weeks! It goes on smooth and appears to give my skin hydration. Theee stars because of the price.
representative_percentile,30th percentile,REV_06834,6834,1,Facial Moisturizers & Dry Skin Hydration,0.643,5,Water Drench Hyaluronic Hydrating Moisturizer SPF 45,Peter Thomas Roth,Love love love this formula! Leaves my skin super soft and moisturized (bonus points for being my daily spf protection). It leaves my skin a little oily but (a) that goes away as it absorbs more and (b) I think that that helps almost serve as a primer for my makeup and it goes on very smoothly on top.
representative_percentile,40th percentile,REV_01069,1069,1,Facial Moisturizers & Dry Skin Hydration,0.6619,4,Night Magic Restorative Face Oil with Firming Botanicals,Prima,"I truly like the Prima Night Magic Face Oil. It is easy to apply and a little goes a long way. It is an oil, so obviously it’s going to be oily but it soaks into the skin pretty quickly.  I avoid putting this on right before I go to bed so it has time to soak into the skin before I go to sleep leaving my pillows fresh, not oily. The price is expensive but I think it is worth it."
representative_percentile,50th percentile,REV_01581,1581,1,Facial Moisturizers & Dry Skin Hydration,0.6799,5,Mini Noni Glow Face Oil,KORA Organics,I have repurchased this product so many times now. Nothing compares!Pro: Smells great. Feels great. Great packaging. Leaves my skin moisturized. Doesn’t make me break out. Gives a glowy look to the skin. My skin is softer when I use this consistently.Con: (While it works for my makeup application style) Might not be the best day time moisturizer for a “heavier“ makeup application.
representative_percentile,60th percentile,REV_08709,8709,1,Facial Moisturizers & Dry Skin Hydration,0.7014,5,Acne Solutions Cleansing Bar For Face and Body,CLINIQUE,"I like the feeling of soaps, and I have acne prone skin, this is working great. Doesn’t dry when used with the Acne Solutions Clarifying Lotion and Dramatically different Moisturizing Gel."
representative_percentile,70th percentile,REV_06716,6716,1,Facial Moisturizers & Dry Skin Hydration,0.7217,4,Pure Skin Face Cleanser,First Aid Beauty,"Was new to this brand and it was recommended to me by one of the SAs. I Love this product! Super foamy, gentle and cleanses well. I have acne and am super oily. Doesn’t dry out my skin. Works really well with my Clarisonic also. One of my new favorites"
representative_percentile,80th percentile,REV_06205,6205,1,Facial Moisturizers & Dry Skin Hydration,0.7442,5,Daily Microfoliant Exfoliator,Dermalogica,"complimentary from dermalogica sampling This moisturizer is very light weight. It goes on cool and feels very refereshing. it’s light weight and almost feels like you are adding water. However, it absorbs into your skin. I recommend it for daily wear."
representative_percentile,90th percentile,REV_09307,9307,1,Facial Moisturizers & Dry Skin Hydration,0.7795,5,Checks and Balances Frothy Face Wash,Origins,"I have extremely oily skin but am also at the point where I need to consider anti ageing too. This makes my skin feel so clean, but it doesn’t give it that dry tight feeling afterward. I use it with my clairsonic every am & pm"
representative_percentile,0th percentile,REV_05164,5164,2,"Acne, Breakouts & Skin Clearing Treatments",0.5108,5,U.F.O. Salicylic Acid BHA Acne Treatment Face Oil,Sunday Riley,In love with this product! I have only been using this for 72 hours but my skin already looks so much better. My acne is clearing and I haven’t had any new breakouts since using this. This is 100% worth the money.
representative_percentile,10th percentile,REV_09882,9882,2,"Acne, Breakouts & Skin Clearing Treatments",0.6112,5,Cicapair Tiger Grass Cream,Dr. Jart+,"This has been the only product that I have ever used that cleared up my acne and my skin pigmentation!   I have used everything on the market including $500 face creams to prescribed acne meds.     Nothing has worked.  I have combination skin and am in my 40s.   I’m not sure this is for everyone tho because when my teenager used it, it was too harsh on her skin.      But if you have acne prone skin and major acne scaring like I did you should give it a try. I saw improvements within a weeks time! This has been a life saver for me!"
representative_percentile,20th percentile,REV_00939,939,2,"Acne, Breakouts & Skin Clearing Treatments",0.6432,4,knockout daily exfoliating cleanser,tarte,This product really helps with exfoliating and preventing breakouts. I usually let it sit on my face for 1-2 mins while I shower. A small amount goes a far way. Please make sure to use sunblock in the day to avoid any sunburn. Do not mix with retinol or you will give your self a chemical burn.
representative_percentile,30th percentile,REV_00008,8,2,"Acne, Breakouts & Skin Clearing Treatments",0.663,5,Bye Bye Pores 10% Glycolic Acid Serum,IT Cosmetics,"I have large pores on my nose and my chin and always despised having them. I received Bye Bye Pores as a #freeproduct from Influenster, in exchange for my review and results. After using the product for only a few days, a visible improvement was noted. I’m now at the 2 week mark and very pleased with the results so far. Although some large pores won’t magically shrink, the product is very effective at exfoliating and removing any trapped dirt inside the pores. hence making them almost disappear. My nose and chin don’t have any black heads any longer, and I noticed the skin more bright and visibly clean. This is definitely a product to use on an on-going basis. It is fragrance-free and leaves no residue; you may sometimes feel a very slight tingle, but it means the glycolic acid is doing its job. I used it nighty."
representative_percentile,40th percentile,REV_03832,3832,2,"Acne, Breakouts & Skin Clearing Treatments",0.6828,5,Mini Daily Microfoliant Exfoliator,Dermalogica,"I recommend to everybody the daily microfoliant exfoliator because is super great when you have acne problems on the time I start used i star look at the different, trust me I loved!! I received this product as a free sample box at the bottom of the write-a-review form. Is the best!!"
representative_percentile,50th percentile,REV_05723,5723,2,"Acne, Breakouts & Skin Clearing Treatments",0.7011,3,Microneedling Dark Spot Brightening Dots,Peace Out,"didn’t work great for me (might have just been that my dark spots are worse)? the micro needling texture is very bothersome and makes me cringe.. again could just be me. this brand has great products, but this one isn’t my favorite!"
representative_percentile,60th percentile,REV_06760,6760,2,"Acne, Breakouts & Skin Clearing Treatments",0.7197,4,Great Skin Instant Glow Serum with Niacinamide and Hyaluronic Acid,MERIT,I have very sensitive skin so I’m always weary of breakouts trying new products. That being said I’ve been using this for about a month now and it’s amazing with one caveat. This makes my skin so fresh and healthy looking. I can use this without makeup and every product after glides on and blends in so well. I have dry skin and this gives me a fresh healthy glow all day. The one complaint I have is the pump. It dispenses a lot of product and is messy. I think a dropper would be much more effective to get the amount of product you want. I usually unscrew the lid and tap into my palm
representative_percentile,70th percentile,REV_02151,2151,2,"Acne, Breakouts & Skin Clearing Treatments",0.7398,5,Skinlongevity Long Life Herb Anti-Aging Face Serum,bareMinerals,"It was fun testing bareminerals Skinlongevity Long Life Herb Serum. I was unaware of this product so it was great to see something new in bareminerals line. I think this product worked well for me, it didn’t pill on my skin. Tough to see results after one use."
representative_percentile,80th percentile,REV_07892,7892,2,"Acne, Breakouts & Skin Clearing Treatments",0.7628,5,The POREfessional Speedy Smooth Mask,Benefit Cosmetics,I really loved this mask! I am someone who can be a bit impatient so to have a mask that’s only a few minutes felt really nice. I washed my face with the pore-fessional foaming face wash and then used the mask. My skin felt so smooth and soft!
representative_percentile,90th percentile,REV_06934,6934,2,"Acne, Breakouts & Skin Clearing Treatments",0.7958,5,Blackhead Solutions 7 Day Deep Pore Cleanse & Face Scrub,CLINIQUE,"I have had blackheads for 20 years, mainly on my nose and chin and have tried tons of products that never really delivered. This scrub/mask is the best. Pores are smaller and blackheads are practically wiped out. I use it as a scrub at night and as a quick mask in the shower 2-3 times a week. Can be a bit drying, I have some flakey patches but a thick moisturizer at night does the trick."
representative_percentile,0th percentile,REV_09169,9169,3,Lip Care & Balms,0.6259,5,CLINICAL 1% Retinol Treatment,Paula's Choice,"received my complimentary Paula’s Choice a couple weeks ago, I love it!! It works great, makes my skin feel soft and clean.  Easy to use. I will definitely purchase more of this product. It’s the first time I have used it, and I’m really glad I gave it a try. Thank you for my free product"
representative_percentile,10th percentile,REV_01114,1114,3,Lip Care & Balms,0.7138,5,Intense Therapy Lip Balm SPF 25,Jack Black,This is my favorite lip balm. I wont use anything else!
representative_percentile,20th percentile,REV_04490,4490,3,Lip Care & Balms,0.7445,5,Sugar Advanced Lip Balm Intense Hydration Treatment,fresh,This is one of my favorite balms to use! Very simple and straight to the point—keeps lips moisturized and soft and if you’re lips are peeling this is the best to help get that dead skin off while also keeping them looking plump and soft!
representative_percentile,30th percentile,REV_08445,8445,3,Lip Care & Balms,0.7662,5,Platinum Lip Plump SPF 30,Dr. Lara Devgan Scientific Beauty,Everytime I use this people ask if I got my lips injected. It def adds some life to your injections and make your lips feel so hydrated after!
representative_percentile,40th percentile,REV_02573,2573,3,Lip Care & Balms,0.7943,4,Mini Plum Plump Hyaluronic Acid Moisturizer,Glow Recipe,"At first I was extremely disappointed with this product because of how much extra packaging there was BUT upon further research, this is reusable, which is extremely cool. Glow recipe never disappoints! This moisturizer made my skin so glowy and soft."
representative_percentile,50th percentile,REV_08604,8604,3,Lip Care & Balms,0.8136,5,CC Me Vitamin C + Niacinamide Serum,Summer Fridays,This product is so amazing!  I thought it was going to be gimmicky but i really wanted to try it.  I wasn’t a fan of summer fridays because the Jet Lag Mask didn’t work for me and I didn’t like the R
representative_percentile,60th percentile,REV_07394,7394,3,Lip Care & Balms,0.8366,5,Jade Facial Roller,SEPHORA COLLECTION,This jade roller is amazing. I bought one from another brand before and it broke within a few uses. This one is great quickly and just smooths out my skin and makes it feel so much less swollen in the mornings
representative_percentile,70th percentile,REV_06871,6871,3,Lip Care & Balms,0.8637,5,Pearly Girl Vegan Teeth Whitening Pen,tarte,"Got this for an easy, cheap teeth whitener before prom and I could tell a difference after the first time I used it!"
representative_percentile,80th percentile,REV_02925,2925,3,Lip Care & Balms,0.8979,4,Rosebud Salve,Rosebud Perfume Co.,"I have bought this before, I also use La Mer in my purse but keep this by my bed. It is fantastic value for the money, I love it."
representative_percentile,90th percentile,REV_08918,8918,3,Lip Care & Balms,0.9506,5,Black Tea Firming Eye Serum,fresh,Love it! Goes on so easily and works beautifully
representative_percentile,0th percentile,REV_05321,5321,4,"Fragrance, Scent & Sensory Properties",0.5038,5,Bright Start Vitamin C Antioxidant Brightening Moisturizer,TULA Skincare,This smells AMAZING. I love how my skin felt after i used it makes me feel more refreshed. First time using this brand but i will definitely buy more.
representative_percentile,10th percentile,REV_02312,2312,4,"Fragrance, Scent & Sensory Properties",0.6054,5,Dreamskin Skin Perfector,Dior,Oh very lovely...i. very pleased with this product when first putting it on it seemed to have a strong but nice scent but after about 5 minutes it went away alot...its very soft on my skin I’m very impressed...
representative_percentile,20th percentile,REV_05922,5922,4,"Fragrance, Scent & Sensory Properties",0.6374,4,Adaptogen Soothe + Hydrate Activated Mist with Peptides,Youth To The People,"Love the feel and smell of this refreshing spray.  Haven’t used it long enough to see results, but it doesn’t irritate my sensitive skin and makes my skin feel feel refreshed and soft."
representative_percentile,30th percentile,REV_09854,9854,4,"Fragrance, Scent & Sensory Properties",0.6585,5,Peptide 21 Wrinkle Resist Moisturizer,Peter Thomas Roth,"This moisturizer has no scent/fragrance, which is oddly satisfying to know. I have oily/combo skin, and this moisturizer hydrate nourishes my skin without a greasy feeling. It is lightweight which makes it also ideal as a makeup base. It is for All Skin Type though!"
representative_percentile,40th percentile,REV_04494,4494,4,"Fragrance, Scent & Sensory Properties",0.6789,5,Watermelon Glow Hyaluronic Clay Pore-Tight Facial Mask,Glow Recipe,I received this product complimentary for testing purposes and I like how it smells even thought it smells more like blueberry yogurt than watermelon. It glides on skin so seamlessly and rich and made my skin very soft.
representative_percentile,50th percentile,REV_00844,844,4,"Fragrance, Scent & Sensory Properties",0.7002,4,That Big Screen Moisturizer with Broad Spectrum SPF 30,JLo Beauty,"I received this product complimentary from Influenster for my honest review. I want to start by saying that I am a firm believer of wearing SPF on the regular. I normally strive to wear spf of 30+ but lately have upgraded to 50+. This SPF moisturizer has 30, which is a great start to wearing daily spf. I don’t find the moisturizer to have a strong fragrance smell, but my brother said he did smell the spf kind of smell in it (I didn’t too much). It is a white cream that blends nicely into the skin. It makes your skin feel nourished and moisturized. The feel isn’t too thick and doesn’t take a long time to settle. I enjoy using the cream in the morning before applying my regular moisturizer and makeup. It doesn’t make my skin extra oily either with the makeup. I like it but don’t love it."
representative_percentile,60th percentile,REV_00887,887,4,"Fragrance, Scent & Sensory Properties",0.7224,4,Mini Watermelon Glow PHA + BHA Pore-Tight Toner,Glow Recipe,"I received this product as a free sample and honestly, it’s a fine product. I don’t know if I would go out of my way to purchase it. The scent is refreshing, however, I’m not entirely sure it does anything more. I’ll keep using it to see if things change with time."
representative_percentile,70th percentile,REV_04921,4921,4,"Fragrance, Scent & Sensory Properties",0.7426,4,Mini Cicapair Tiger Grass Color Correcting Treatment SPF 30,Dr. Jart+,"So far I like it, as it does cover redness (and I have a lot of redness) but it has a strong scent. I tend to like unscented or lighter scented products."
representative_percentile,80th percentile,REV_06693,6693,4,"Fragrance, Scent & Sensory Properties",0.7708,3,Charlotte’s Magic Serum with Vitamin C,Charlotte Tilbury,"I’m kind of on the fence about this product. It’s is nice. Goes on smooth, very light and quick to dry. I don’t however know that it is doing anything. It has a string perfume smell which I don’t love but more importantly it is just sort of an extra step without much result. So while I have nothing severely negative to say, I don’t have anything super amazing to say either."
representative_percentile,90th percentile,REV_02507,2507,4,"Fragrance, Scent & Sensory Properties",0.8087,1,Needles No More Wrinkle Smoothing Cream,Dr. Brandt Skincare,"I was so excited to try this product, I received it and the bottle felt half empty (but you cant tell because its so dark) and then there was so much air that the whole time I had it, air would spew out with the lotion. I ended up breaking the top open so I could get my moneys worth of this lotion but it was useless. I think I got maybe 20 pumps out of this so I don’t really know if it worked. I would suggest they use a different bottle, so people can see what they are getting and get every last drop out..."
representative_percentile,0th percentile,REV_06201,6201,5,"Cleansers, Face Wash & Makeup Removal",0.4657,5,Soy Hydrating Gentle Face Cleanser,fresh,"This is such a gentle cleanser, doesn’t dry out my skin, you only need a little and it easily removes makeup. Also love that it doesn’t make my skin breakout, it’s not highly scented and it doesn’t sting if you open your eyes with it on your face"
representative_percentile,10th percentile,REV_09018,9018,5,"Cleansers, Face Wash & Makeup Removal",0.5718,5,Soy Hydrating Gentle Face Cleanser,fresh,I love this face cleanser. I’ve tryed many and this one is by far the best! It is gentle and really cleans deep down.I don’t really like the smell but I love how well it works. I hsve really sensitive skin. It is gentle but it also clean well
representative_percentile,20th percentile,REV_05689,5689,5,"Cleansers, Face Wash & Makeup Removal",0.6049,5,GinZing Refreshing Scrub Cleanser,Origins,"I have been using this cleanser for about 2 years now and I love it. It’s great to use in the morning, as the citrus smell really wakes you up. It feels great on the skin and exfoliates lightly, without feeling too abrasive!"
representative_percentile,30th percentile,REV_04140,4140,5,"Cleansers, Face Wash & Makeup Removal",0.6286,4,Cream Skin Milk Oil Cleanser,LANEIGE,I received this product complimentary from Laneige. This cleanser is light and very gentle. It didn’t irritate my skin or leave it tight which some cleansers tend to do. It took off the majority of my makeup but doesn’t do well with mascara. No fragrance either which is a major plus.
representative_percentile,40th percentile,REV_04042,4042,5,"Cleansers, Face Wash & Makeup Removal",0.6499,5,T.L.C. Sukari Babyfacial AHA + BHA Mask,Drunk Elephant,This really does what it says! I LOVE it!! I use it every sunday and my skin feels fresh and clean and it visibly is!
representative_percentile,50th percentile,REV_07647,7647,5,"Cleansers, Face Wash & Makeup Removal",0.6698,5,Pineapple Enzyme Pore Clearing Cleanser,Josie Maran,I love Josie products and this one is a must. I feel like it really cleans after a sweaty workout or in the am but doesn’t dry my skin out. I have so many things from her line that I love and this is one I will always buy. Gives a nice lather too.
representative_percentile,60th percentile,REV_06070,6070,5,"Cleansers, Face Wash & Makeup Removal",0.6904,4,Pink Cloud Rosewater + Squalane Makeup Removing Face Wash,Herbivore,Great basic cleanser. No smell that is overpowering. Gets the job done. Eye makeup requires a double cleanse.
representative_percentile,70th percentile,REV_09747,9747,5,"Cleansers, Face Wash & Makeup Removal",0.7151,5,Hydro Ungrip Makeup Remover + Cleansing Water,MILK MAKEUP,"If you are looking for a product that will remove your waterproof mascara and matte lipstick, this isn’t it - go for the cleansing balm instead. But for a cleansing water, gentle makeup remover, toner type product this is great! Very mild, doesn’t irritate my skin, and makes my skin feel clean but not dry. I also love the packaging! The pump makes it super easy to dispense."
representative_percentile,80th percentile,REV_06371,6371,5,"Cleansers, Face Wash & Makeup Removal",0.744,5,Smoothing Facial Polish - Imperial Glow,RANAVAT,Great exfoliator. It’s gentle and leaves your skin smooth and smelling amazing.
representative_percentile,90th percentile,REV_07461,7461,5,"Cleansers, Face Wash & Makeup Removal",0.7935,4,Beste No. 9 Jelly Cleanser,Drunk Elephant,"Would buy again. Can’t comment on removing makeup since i always still use micellar water regardless if i have make up or just sunscreen. Very gentle on my extremely sensitive/reactive face. Only used since spring, so cant comment if it will be drying in the winter months."
