review_id,cluster_id,assigned_theme,fits_theme (yes/no/uncertain),suggested_theme,notes,sample_type,product_name,rating,review_text
REV_08058,0,Eye Care & Dark Circles,,,,representative_percentile,Powerful-Strength Dark Circle Reducing Vitamin C Eye Serum,5,Wow! I am really impressed with this product. Within the first 7 days of using it I noticed my dark circles lightly fading. I also noticed my puffiness and wrinkles under the eye start to look less and less noticeable. It does everything I’ve been looking for in an eye cream! Definitely would recommend.
REV_02622,0,Eye Care & Dark Circles,,,,representative_percentile,Advanced Génifique Wrinkle & Dark Circle Eye Cream,5,"Obsessed! I have tried many different eye creams and skin care products through the years because...let’s face it...not getting any younger!I used to work for another big beauty company as a trainer so ingredients and education behind skincare are very important to me.  I needed an eye cream to do multiple things for me and pack a punch and I’m so picky with what I will put into my regular line up of products.Enter this eye cream! This not only helped with anti-aging, but my dark circles (I’ve got a newborn we know how this goes). It’s not only what it can do but the feel of this cream is what sold me, it’s not just a gel and disappears, it’s got a creamy feel to it that smooths over my skin. It leaves my eyes feeling cool and refreshed. I even made my husband try it! Honestly, it is a product I would recommend so much that even though I was given some to try I have already purchased for my daily routine."
REV_06445,0,Eye Care & Dark Circles,,,,representative_percentile,Restorative Plumping + Brightening Eye Cream,4,"This is a nice eye cream. The packaging is top notch. It’s not too thick, absorbs well, and has a fragrance I like. I haven’t tried it for too long so maybe some of the benefits will come later but I find it hard to justify the price."
REV_01815,0,Eye Care & Dark Circles,,,,representative_percentile,Argan Pro-Retinol Eye Cream,5,#giftedbyJosieMaran this eye cream is absolutely my new favorite - it goes on creamy and smooth and smells amazing - i already see and feel the difference in the hydration of my skin under my eyes and it’s only been about a week.
REV_02297,0,Eye Care & Dark Circles,,,,representative_percentile,Hello FAB Coconut Water Cream,5,"I am obsessed with this cream! I have severe eczema on my eyelids and around my eyes that flares up during the summer. I have never found a product that actually clears it up: flakes and all. I have used it the past two days morning and night and I’ve gone from a flakey, red, swollen eye monster to actually looking normal. I will definitely be buying this again!"
REV_06496,0,Eye Care & Dark Circles,,,,representative_percentile,SKINPOWER Eye Cream,5,"I received this product complimentary from Influenster in exchange for my honest review! This eye cream is so luxurious and CREAMY! Wow — I had never tried SKII eye cream before and I am truly impressed. Sometimes, it really is worth paying the higher price for a luxury product. I would definitely purchase this again and will be buying it as soon as I run out. Love, love, love! My eyes felt instantly more hydrated. It didn’t sting and my eye area looks more plump and smooth after using this for a few weeks."
REV_01097,0,Eye Care & Dark Circles,,,,representative_percentile,Lotus Youth Preserve Rescue Mask,5,"This is the one and only mask that I continue to buy over and over again. I actually hate being without it and cannot find anything to replace it. It truly makes a noticeable difference, even upon the first use. My skin feels tighter, smoother, and looks brighter. The one caveat with this is the smell isn’t great (it smells like seaweed to me), but considering it’s a mask that only stays on your face for a bit I could care less about the smell. Seeing actual results from a face mask is what i’m looking for and this one truly does show results. I’m a big fan of Fresh’s Youth Preserve line overall and my skin seems to love whatever ingredients they use in this line of products. I also use the line’s eye cream and it is just as effective as the mask. I highly recommend trying this mask out. It really is a wonderful product!!!"
REV_09123,0,Eye Care & Dark Circles,,,,representative_percentile,Advanced Night Repair Eye Concentrate Matrix Synchronized Multi-Recovery Complex,5,This stuff is a miracle worker :) It helped so much with the bags under my eyes and my crows feet. I am obssesed with this product.
REV_02759,0,Eye Care & Dark Circles,,,,representative_percentile,The Eye Concentrate Cream,5,"I received from LA MER : THE EYE CONCENTRATE.I love the products of this brand, and this eye contour cream has become my favorite, it leaves the area very hydrated and makes my makeup look very beautiful and natural. They are somewhat expensive but every penny is worth it."
REV_05885,0,Eye Care & Dark Circles,,,,representative_percentile,The Eye Concentrate Cream,5,To say I’m obsessed is an understatement!!! This eye concentrate is so good! It instantly plumps my under eye and fills in the fine lines. What I love most about it though is how it feels on my skin! It is so light and soaks right in- which is not normal with a heavy eye cream
REV_08338,1,Facial Moisturizers & Dry Skin Hydration,,,,representative_percentile,Rose & Squalane Deep Hydration Oil-Infused Serum,5,I absolutely love this product and I highly recommend it if you have dry skin. I don’t like moisturizers ( I know that’s taboo). This is the only thing I use on my face and I get tons of compliments on my skin.
REV_07378,1,Facial Moisturizers & Dry Skin Hydration,,,,representative_percentile,Cica Sleeping Mask,2,"I was so excited to try this out after reading all the reviews. It never absorbed into my skin and didn’t leave me feeling moisturized, but greasy. It also broke me out. I’m glad I only got a sample and did not buy the whole thing."
REV_02041,1,Facial Moisturizers & Dry Skin Hydration,,,,representative_percentile,Dreamskin Skin Perfector,3,I received this product to try and review. I like it so far and have been using it under my makeup for the past few weeks! It goes on smooth and appears to give my skin hydration. Theee stars because of the price.
REV_06834,1,Facial Moisturizers & Dry Skin Hydration,,,,representative_percentile,Water Drench Hyaluronic Hydrating Moisturizer SPF 45,5,Love love love this formula! Leaves my skin super soft and moisturized (bonus points for being my daily spf protection). It leaves my skin a little oily but (a) that goes away as it absorbs more and (b) I think that that helps almost serve as a primer for my makeup and it goes on very smoothly on top.
REV_01069,1,Facial Moisturizers & Dry Skin Hydration,,,,representative_percentile,Night Magic Restorative Face Oil with Firming Botanicals,4,"I truly like the Prima Night Magic Face Oil. It is easy to apply and a little goes a long way. It is an oil, so obviously it’s going to be oily but it soaks into the skin pretty quickly.  I avoid putting this on right before I go to bed so it has time to soak into the skin before I go to sleep leaving my pillows fresh, not oily. The price is expensive but I think it is worth it."
REV_01581,1,Facial Moisturizers & Dry Skin Hydration,,,,representative_percentile,Mini Noni Glow Face Oil,5,I have repurchased this product so many times now. Nothing compares!Pro: Smells great. Feels great. Great packaging. Leaves my skin moisturized. Doesn’t make me break out. Gives a glowy look to the skin. My skin is softer when I use this consistently.Con: (While it works for my makeup application style) Might not be the best day time moisturizer for a “heavier“ makeup application.
REV_08709,1,Facial Moisturizers & Dry Skin Hydration,,,,representative_percentile,Acne Solutions Cleansing Bar For Face and Body,5,"I like the feeling of soaps, and I have acne prone skin, this is working great. Doesn’t dry when used with the Acne Solutions Clarifying Lotion and Dramatically different Moisturizing Gel."
REV_06716,1,Facial Moisturizers & Dry Skin Hydration,,,,representative_percentile,Pure Skin Face Cleanser,4,"Was new to this brand and it was recommended to me by one of the SAs. I Love this product! Super foamy, gentle and cleanses well. I have acne and am super oily. Doesn’t dry out my skin. Works really well with my Clarisonic also. One of my new favorites"
REV_06205,1,Facial Moisturizers & Dry Skin Hydration,,,,representative_percentile,Daily Microfoliant Exfoliator,5,"complimentary from dermalogica sampling This moisturizer is very light weight. It goes on cool and feels very refereshing. it’s light weight and almost feels like you are adding water. However, it absorbs into your skin. I recommend it for daily wear."
REV_09307,1,Facial Moisturizers & Dry Skin Hydration,,,,representative_percentile,Checks and Balances Frothy Face Wash,5,"I have extremely oily skin but am also at the point where I need to consider anti ageing too. This makes my skin feel so clean, but it doesn’t give it that dry tight feeling afterward. I use it with my clairsonic every am & pm"
REV_05164,2,"Acne, Breakouts & Skin Clearing Treatments",,,,representative_percentile,U.F.O. Salicylic Acid BHA Acne Treatment Face Oil,5,In love with this product! I have only been using this for 72 hours but my skin already looks so much better. My acne is clearing and I haven’t had any new breakouts since using this. This is 100% worth the money.
REV_09882,2,"Acne, Breakouts & Skin Clearing Treatments",,,,representative_percentile,Cicapair Tiger Grass Cream,5,"This has been the only product that I have ever used that cleared up my acne and my skin pigmentation!   I have used everything on the market including $500 face creams to prescribed acne meds.     Nothing has worked.  I have combination skin and am in my 40s.   I’m not sure this is for everyone tho because when my teenager used it, it was too harsh on her skin.      But if you have acne prone skin and major acne scaring like I did you should give it a try. I saw improvements within a weeks time! This has been a life saver for me!"
REV_00939,2,"Acne, Breakouts & Skin Clearing Treatments",,,,representative_percentile,knockout daily exfoliating cleanser,4,This product really helps with exfoliating and preventing breakouts. I usually let it sit on my face for 1-2 mins while I shower. A small amount goes a far way. Please make sure to use sunblock in the day to avoid any sunburn. Do not mix with retinol or you will give your self a chemical burn.
REV_00008,2,"Acne, Breakouts & Skin Clearing Treatments",,,,representative_percentile,Bye Bye Pores 10% Glycolic Acid Serum,5,"I have large pores on my nose and my chin and always despised having them. I received Bye Bye Pores as a #freeproduct from Influenster, in exchange for my review and results. After using the product for only a few days, a visible improvement was noted. I’m now at the 2 week mark and very pleased with the results so far. Although some large pores won’t magically shrink, the product is very effective at exfoliating and removing any trapped dirt inside the pores. hence making them almost disappear. My nose and chin don’t have any black heads any longer, and I noticed the skin more bright and visibly clean. This is definitely a product to use on an on-going basis. It is fragrance-free and leaves no residue; you may sometimes feel a very slight tingle, but it means the glycolic acid is doing its job. I used it nighty."
REV_03832,2,"Acne, Breakouts & Skin Clearing Treatments",,,,representative_percentile,Mini Daily Microfoliant Exfoliator,5,"I recommend to everybody the daily microfoliant exfoliator because is super great when you have acne problems on the time I start used i star look at the different, trust me I loved!! I received this product as a free sample box at the bottom of the write-a-review form. Is the best!!"
REV_05723,2,"Acne, Breakouts & Skin Clearing Treatments",,,,representative_percentile,Microneedling Dark Spot Brightening Dots,3,"didn’t work great for me (might have just been that my dark spots are worse)? the micro needling texture is very bothersome and makes me cringe.. again could just be me. this brand has great products, but this one isn’t my favorite!"
REV_06760,2,"Acne, Breakouts & Skin Clearing Treatments",,,,representative_percentile,Great Skin Instant Glow Serum with Niacinamide and Hyaluronic Acid,4,I have very sensitive skin so I’m always weary of breakouts trying new products. That being said I’ve been using this for about a month now and it’s amazing with one caveat. This makes my skin so fresh and healthy looking. I can use this without makeup and every product after glides on and blends in so well. I have dry skin and this gives me a fresh healthy glow all day. The one complaint I have is the pump. It dispenses a lot of product and is messy. I think a dropper would be much more effective to get the amount of product you want. I usually unscrew the lid and tap into my palm
REV_02151,2,"Acne, Breakouts & Skin Clearing Treatments",,,,representative_percentile,Skinlongevity Long Life Herb Anti-Aging Face Serum,5,"It was fun testing bareminerals Skinlongevity Long Life Herb Serum. I was unaware of this product so it was great to see something new in bareminerals line. I think this product worked well for me, it didn’t pill on my skin. Tough to see results after one use."
REV_07892,2,"Acne, Breakouts & Skin Clearing Treatments",,,,representative_percentile,The POREfessional Speedy Smooth Mask,5,I really loved this mask! I am someone who can be a bit impatient so to have a mask that’s only a few minutes felt really nice. I washed my face with the pore-fessional foaming face wash and then used the mask. My skin felt so smooth and soft!
REV_06934,2,"Acne, Breakouts & Skin Clearing Treatments",,,,representative_percentile,Blackhead Solutions 7 Day Deep Pore Cleanse & Face Scrub,5,"I have had blackheads for 20 years, mainly on my nose and chin and have tried tons of products that never really delivered. This scrub/mask is the best. Pores are smaller and blackheads are practically wiped out. I use it as a scrub at night and as a quick mask in the shower 2-3 times a week. Can be a bit drying, I have some flakey patches but a thick moisturizer at night does the trick."
REV_09169,3,Lip Care & Balms,,,,representative_percentile,CLINICAL 1% Retinol Treatment,5,"received my complimentary Paula’s Choice a couple weeks ago, I love it!! It works great, makes my skin feel soft and clean.  Easy to use. I will definitely purchase more of this product. It’s the first time I have used it, and I’m really glad I gave it a try. Thank you for my free product"
REV_01114,3,Lip Care & Balms,,,,representative_percentile,Intense Therapy Lip Balm SPF 25,5,This is my favorite lip balm. I wont use anything else!
REV_04490,3,Lip Care & Balms,,,,representative_percentile,Sugar Advanced Lip Balm Intense Hydration Treatment,5,This is one of my favorite balms to use! Very simple and straight to the point—keeps lips moisturized and soft and if you’re lips are peeling this is the best to help get that dead skin off while also keeping them looking plump and soft!
REV_08445,3,Lip Care & Balms,,,,representative_percentile,Platinum Lip Plump SPF 30,5,Everytime I use this people ask if I got my lips injected. It def adds some life to your injections and make your lips feel so hydrated after!
REV_02573,3,Lip Care & Balms,,,,representative_percentile,Mini Plum Plump Hyaluronic Acid Moisturizer,4,"At first I was extremely disappointed with this product because of how much extra packaging there was BUT upon further research, this is reusable, which is extremely cool. Glow recipe never disappoints! This moisturizer made my skin so glowy and soft."
REV_08604,3,Lip Care & Balms,,,,representative_percentile,CC Me Vitamin C + Niacinamide Serum,5,This product is so amazing!  I thought it was going to be gimmicky but i really wanted to try it.  I wasn’t a fan of summer fridays because the Jet Lag Mask didn’t work for me and I didn’t like the R
REV_07394,3,Lip Care & Balms,,,,representative_percentile,Jade Facial Roller,5,This jade roller is amazing. I bought one from another brand before and it broke within a few uses. This one is great quickly and just smooths out my skin and makes it feel so much less swollen in the mornings
REV_06871,3,Lip Care & Balms,,,,representative_percentile,Pearly Girl Vegan Teeth Whitening Pen,5,"Got this for an easy, cheap teeth whitener before prom and I could tell a difference after the first time I used it!"
REV_02925,3,Lip Care & Balms,,,,representative_percentile,Rosebud Salve,4,"I have bought this before, I also use La Mer in my purse but keep this by my bed. It is fantastic value for the money, I love it."
REV_08918,3,Lip Care & Balms,,,,representative_percentile,Black Tea Firming Eye Serum,5,Love it! Goes on so easily and works beautifully
REV_05321,4,"Fragrance, Scent & Sensory Properties",,,,representative_percentile,Bright Start Vitamin C Antioxidant Brightening Moisturizer,5,This smells AMAZING. I love how my skin felt after i used it makes me feel more refreshed. First time using this brand but i will definitely buy more.
REV_02312,4,"Fragrance, Scent & Sensory Properties",,,,representative_percentile,Dreamskin Skin Perfector,5,Oh very lovely...i. very pleased with this product when first putting it on it seemed to have a strong but nice scent but after about 5 minutes it went away alot...its very soft on my skin I’m very impressed...
REV_05922,4,"Fragrance, Scent & Sensory Properties",,,,representative_percentile,Adaptogen Soothe + Hydrate Activated Mist with Peptides,4,"Love the feel and smell of this refreshing spray.  Haven’t used it long enough to see results, but it doesn’t irritate my sensitive skin and makes my skin feel feel refreshed and soft."
REV_09854,4,"Fragrance, Scent & Sensory Properties",,,,representative_percentile,Peptide 21 Wrinkle Resist Moisturizer,5,"This moisturizer has no scent/fragrance, which is oddly satisfying to know. I have oily/combo skin, and this moisturizer hydrate nourishes my skin without a greasy feeling. It is lightweight which makes it also ideal as a makeup base. It is for All Skin Type though!"
REV_04494,4,"Fragrance, Scent & Sensory Properties",,,,representative_percentile,Watermelon Glow Hyaluronic Clay Pore-Tight Facial Mask,5,I received this product complimentary for testing purposes and I like how it smells even thought it smells more like blueberry yogurt than watermelon. It glides on skin so seamlessly and rich and made my skin very soft.
REV_00844,4,"Fragrance, Scent & Sensory Properties",,,,representative_percentile,That Big Screen Moisturizer with Broad Spectrum SPF 30,4,"I received this product complimentary from Influenster for my honest review. I want to start by saying that I am a firm believer of wearing SPF on the regular. I normally strive to wear spf of 30+ but lately have upgraded to 50+. This SPF moisturizer has 30, which is a great start to wearing daily spf. I don’t find the moisturizer to have a strong fragrance smell, but my brother said he did smell the spf kind of smell in it (I didn’t too much). It is a white cream that blends nicely into the skin. It makes your skin feel nourished and moisturized. The feel isn’t too thick and doesn’t take a long time to settle. I enjoy using the cream in the morning before applying my regular moisturizer and makeup. It doesn’t make my skin extra oily either with the makeup. I like it but don’t love it."
REV_00887,4,"Fragrance, Scent & Sensory Properties",,,,representative_percentile,Mini Watermelon Glow PHA + BHA Pore-Tight Toner,4,"I received this product as a free sample and honestly, it’s a fine product. I don’t know if I would go out of my way to purchase it. The scent is refreshing, however, I’m not entirely sure it does anything more. I’ll keep using it to see if things change with time."
REV_04921,4,"Fragrance, Scent & Sensory Properties",,,,representative_percentile,Mini Cicapair Tiger Grass Color Correcting Treatment SPF 30,4,"So far I like it, as it does cover redness (and I have a lot of redness) but it has a strong scent. I tend to like unscented or lighter scented products."
REV_06693,4,"Fragrance, Scent & Sensory Properties",,,,representative_percentile,Charlotte’s Magic Serum with Vitamin C,3,"I’m kind of on the fence about this product. It’s is nice. Goes on smooth, very light and quick to dry. I don’t however know that it is doing anything. It has a string perfume smell which I don’t love but more importantly it is just sort of an extra step without much result. So while I have nothing severely negative to say, I don’t have anything super amazing to say either."
REV_02507,4,"Fragrance, Scent & Sensory Properties",,,,representative_percentile,Needles No More Wrinkle Smoothing Cream,1,"I was so excited to try this product, I received it and the bottle felt half empty (but you cant tell because its so dark) and then there was so much air that the whole time I had it, air would spew out with the lotion. I ended up breaking the top open so I could get my moneys worth of this lotion but it was useless. I think I got maybe 20 pumps out of this so I don’t really know if it worked. I would suggest they use a different bottle, so people can see what they are getting and get every last drop out..."
REV_06201,5,"Cleansers, Face Wash & Makeup Removal",,,,representative_percentile,Soy Hydrating Gentle Face Cleanser,5,"This is such a gentle cleanser, doesn’t dry out my skin, you only need a little and it easily removes makeup. Also love that it doesn’t make my skin breakout, it’s not highly scented and it doesn’t sting if you open your eyes with it on your face"
REV_09018,5,"Cleansers, Face Wash & Makeup Removal",,,,representative_percentile,Soy Hydrating Gentle Face Cleanser,5,I love this face cleanser. I’ve tryed many and this one is by far the best! It is gentle and really cleans deep down.I don’t really like the smell but I love how well it works. I hsve really sensitive skin. It is gentle but it also clean well
REV_05689,5,"Cleansers, Face Wash & Makeup Removal",,,,representative_percentile,GinZing Refreshing Scrub Cleanser,5,"I have been using this cleanser for about 2 years now and I love it. It’s great to use in the morning, as the citrus smell really wakes you up. It feels great on the skin and exfoliates lightly, without feeling too abrasive!"
REV_04140,5,"Cleansers, Face Wash & Makeup Removal",,,,representative_percentile,Cream Skin Milk Oil Cleanser,4,I received this product complimentary from Laneige. This cleanser is light and very gentle. It didn’t irritate my skin or leave it tight which some cleansers tend to do. It took off the majority of my makeup but doesn’t do well with mascara. No fragrance either which is a major plus.
REV_04042,5,"Cleansers, Face Wash & Makeup Removal",,,,representative_percentile,T.L.C. Sukari Babyfacial AHA + BHA Mask,5,This really does what it says! I LOVE it!! I use it every sunday and my skin feels fresh and clean and it visibly is!
REV_07647,5,"Cleansers, Face Wash & Makeup Removal",,,,representative_percentile,Pineapple Enzyme Pore Clearing Cleanser,5,I love Josie products and this one is a must. I feel like it really cleans after a sweaty workout or in the am but doesn’t dry my skin out. I have so many things from her line that I love and this is one I will always buy. Gives a nice lather too.
REV_06070,5,"Cleansers, Face Wash & Makeup Removal",,,,representative_percentile,Pink Cloud Rosewater + Squalane Makeup Removing Face Wash,4,Great basic cleanser. No smell that is overpowering. Gets the job done. Eye makeup requires a double cleanse.
REV_09747,5,"Cleansers, Face Wash & Makeup Removal",,,,representative_percentile,Hydro Ungrip Makeup Remover + Cleansing Water,5,"If you are looking for a product that will remove your waterproof mascara and matte lipstick, this isn’t it - go for the cleansing balm instead. But for a cleansing water, gentle makeup remover, toner type product this is great! Very mild, doesn’t irritate my skin, and makes my skin feel clean but not dry. I also love the packaging! The pump makes it super easy to dispense."
REV_06371,5,"Cleansers, Face Wash & Makeup Removal",,,,representative_percentile,Smoothing Facial Polish - Imperial Glow,5,Great exfoliator. It’s gentle and leaves your skin smooth and smelling amazing.
REV_07461,5,"Cleansers, Face Wash & Makeup Removal",,,,representative_percentile,Beste No. 9 Jelly Cleanser,4,"Would buy again. Can’t comment on removing makeup since i always still use micellar water regardless if i have make up or just sunscreen. Very gentle on my extremely sensitive/reactive face. Only used since spring, so cant comment if it will be drying in the winter months."
REV_05145,0,Eye Care & Dark Circles,,,,random_sample,Retinol Anti-Aging Serum,5,"I received a free sample of The Inkey List Retinol Anti-Aging Serum from PinchMe and must say I was pleasantly surprised. I wasn’t sure what exactly to expect as a women in her 40’s from a retinol serum, but it actually helped improve fine lines. I highly recommend this product!"
REV_09661,0,Eye Care & Dark Circles,,,,random_sample,Premier Cru Dark Circle Correcting Eye Cream,5,"I received a free sample of this Caudalie Premier Cru Dark Circle Correcting Eye Cream in exchange for my honest review. This eye cream is my new go-to eye cream. It does an amazing job brightening and de-puffing under eyes. It’s texture is so creamy and soft.I absolutely love the metal tip applicator - it works beautifully to use it to massage in the cream, and it instantly de-puffs. I would highly recommend this product. #freeproduct #trywithtopbox"
REV_03415,0,Eye Care & Dark Circles,,,,random_sample,Retinol Eye Stick,5,"I was hesitant as I have dark circles, crows feet, and bags under my eyes. should really say had. 2 weeks in and the crows feet are surely disappearing, the bags are also. I’m sure with more time and patience that the dark circles will too. I definitely recommend this. it is a little bit more than I intended to spend but I’m hooked and already purchased a second."
REV_04501,0,Eye Care & Dark Circles,,,,random_sample,Caffeine Eye Cream,5,"this eye cream has such a silky texture, feels so light on my skin!"
REV_04224,0,Eye Care & Dark Circles,,,,random_sample,Retinol Fast-Release Wrinkle Reducing Night Serum,4,"I have been using this serum for several weeks now since I received it to try out.  The first thing that really threw me with this product is that you have to mix it prior to first use.  I know one issue for me was concern that I did not mix it up well enough.  I also felt that after mixing and removing the base there seemed to be a lot of product wasted.  I never had any irritation from this product maybe a slight redness on the first or second night, but overall no big issues.    I do think after I use this I will buy again.  I have definitely seen improvement on fine lines especially around my mouth.  As you can see in the pictures attached.  I have seen some slight improvements on my deeper lines around my eyes already but overall fine lines are looking better in just a few weeks!  I would recommend trying this."
REV_02654,0,Eye Care & Dark Circles,,,,random_sample,Avocado Fine Line Eye Cream with Retinol,5,I really like this eye mask. It de-puffs my eyes and leaves them feeling moisturized. It’s reduced my eye wrinkles. I don’t have very dark circles under my eye so I can’t comment on that. I would recommend this product!
REV_04907,0,Eye Care & Dark Circles,,,,random_sample,Cryo-Recovery Depuffing Eye Serum,4,I really like the applicator and the cooling effect when applying but unfortunately don’t feel like I’ve seen much results for the price. I have only been using about a week or two and I forgot sometimes so that may be the problem and not the actual product. The eye roller applicator is the best though. Very soothing.
REV_02284,0,Eye Care & Dark Circles,,,,random_sample,Mini Ultra Facial Moisturizing Cream with Squalane,3,"This product is good , but not great- at least for my skin type. I personally feel like first aid beauty moisturizing cream was better. I use this now around eye area just  so I dont totally waste the product. I will not repurchase."
REV_04489,0,Eye Care & Dark Circles,,,,random_sample,5 Stars Retinol + Niacinamide Eye Serum,5,The Sunday Riley 5 Stars Retinol Eye Serum is everything i could hope for and more! It’s soaks in my under eyes quickly with no greasy feeling. This is amazing for my sensitive eyes and gentle enough to use every night. It’s super calming and a little goes a long way. It reduced the texture under my eyes as well. I couldn’t be happier with this eye serum.
REV_03413,0,Eye Care & Dark Circles,,,,random_sample,Brighten-i Eye Cream,4,This eye cream works pretty well. I like the coolness of the application - it feels very refreshing on my face.
REV_06365,1,Facial Moisturizers & Dry Skin Hydration,,,,random_sample,"UV Expert Aquagel Defense Sunscreen, Primer & Moisturizer SPF 50 Duo",5,Love this. It can easily be rubbed into the skin and leaves no white residue. In the summer I don’t even wear foundation when I have this on and in my early 40s that’s impressive. The only downfall is there is a slight smell to it but I haven’t really found a good sunscreen that doesn’t. I tried a few other brands this spring thinking I could find one for more value but all have been returned and I just repurchase this one.
REV_09219,1,Facial Moisturizers & Dry Skin Hydration,,,,random_sample,Isle Glow Face Moisturizer SPF 45 with Sea Moss and Niacinamide,5,"I wore this all summer. I liked the glow and loved the sun protection. Also, it wears well under foundation which is sometimes hard to find in a moisturizer."
REV_02999,1,Facial Moisturizers & Dry Skin Hydration,,,,random_sample,Water Drench Hyaluronic Acid Moisturizer,5,"I don’t really ever leave reviews, but I’ve been using this product for a solid 2 months now and I am OBSESSED. I love that this product is so lightweight. (I also use the Water Drench Cloud Cream Cleanser which is equally as light weight). This product makes me feel like I’m glowing and my skin is softer than ever. It’s been about two solid months of using this moisturizer and I will never look at anything else. LOVE it."
REV_07045,1,Facial Moisturizers & Dry Skin Hydration,,,,random_sample,Acne+ 2% BHA and Azelaic Acid Acne Spot Treatment,5,So I have loved everything Skinfix for the last couple of years especially during the cold winter months with my skin needs moisture the most. Every product Skinfix makes is definitely top notch and deeply hydrating.
REV_03769,1,Facial Moisturizers & Dry Skin Hydration,,,,random_sample,Soft Clean Infusion Hydrating Treatment Lotion,4,"I received this product complimentary from Influenster to try. I enjoyed this product. A little definitely goes a long way so this product will last you awhile. I have dry skin and it felt really nice on my skin, for the price I would recommend this product!"
REV_03428,1,Facial Moisturizers & Dry Skin Hydration,,,,random_sample,Mini Revitalizing Supreme+ Youth Power Creme Moisturizer,4,I can see a big difference in my skin! This product is very moisturizing and it brightens your skin. The reason that I gave it 4 stars is because I wish that it didn’t have scent in the ingredients.
REV_06890,1,Facial Moisturizers & Dry Skin Hydration,,,,random_sample,100 percent Pure Argan Oil,5,"This stuff is awesome! I’ve used other oils for my hair and this one sits at the top of the list. I just put a few drops in the palm of my hand, rub them together, and smooth through towel dry hair. It leaves a little left over residue on your palms so just use that for your knees or elbows and they are super soft! This makes your hair really shiny and gives it a yummy scent, I will definitely be purchasing this again. :)"
REV_03803,1,Facial Moisturizers & Dry Skin Hydration,,,,random_sample,Mini C.E.O. Vitamin C Brightening Rich Hydration Moisturizer,3,Cream is too thick and leaves residue on your hands after. Feels too thick on your skin rather than smooth and hydrating. Only pro is it smells great.
REV_05292,1,Facial Moisturizers & Dry Skin Hydration,,,,random_sample,Daily Greens Oil-Free Gel Moisturizer with Moringa and Papaya,5,"I just love the aesthetic design of this moisturizer for some reason. It’s a great summer cream, light but not too watery."
REV_04495,1,Facial Moisturizers & Dry Skin Hydration,,,,random_sample,Emerald Hemp Seed Deep Moisture Glow Oil,5,"I used this when I was experiencing really dry, tight, damaged skin and it was extremely soothing and helped lock in a lot of moisture. It’s lightweight enough to use in the morning under my makeup and absorbs quickly. Highly recommend giving it a try."
REV_05609,2,"Acne, Breakouts & Skin Clearing Treatments",,,,random_sample,Mini Barrier+ Triple Lipid-Peptide Face Cream,5,"literally cleared my skin so much when i paired it with the glow recipe watermelon toner and cetaphil gentle skin cleanser , def recommend but you have to really trust the process cuz it took like 3 months bc of me using too much for my skin but yeah please get it its so good and will prob work fast for u as long as you keep your skin routine short"
REV_04007,2,"Acne, Breakouts & Skin Clearing Treatments",,,,random_sample,Salicylic Acid Acne Healing Dots,5,These are my holy grail! I’ve tried soooo many acne products and countless spot treatments and pimple patches and these are my everything. I always make sure I stock up on these because I can’t go without them. I will forever recommend these to anyone and everyone.
REV_05255,2,"Acne, Breakouts & Skin Clearing Treatments",,,,random_sample,Soy Hydrating Gentle Face Cleanser,5,"Let me start off by being annoying and say that I have never had bad skin. Not even during puberty. In college I had the worst diet, stayed out late and STILL had beautiful skin. This past year all of a sudden, (of course when I am my most responsible with diet and exercise) I started getting red patches on my cheek, not white heads, but red bumps which wouldn’t go away. I was reading every skin care review possible. I looked at Allure every day for drug store/higher end brand reviews. I tried all natural remedies, argan oil, clarisonics, Murad (which I use to use) and was becomming very desparate. I received a sample of Soy Cleanser in the mail and tried it because I had nothing to lose. The texture and silkiness alone made me a convert. My skin as cliche as it sounds felt fresh for the first time and baby soft. I now wash my face with the Soy cleanser twice a day and moisterize with the ever amazing Lotus skin renewal. My face has been clear and gorgeous for over a month now and I am in heaven. I literally look forward to washing and using Fresh products; they feel like a dessert for your face!!!"
REV_03301,2,"Acne, Breakouts & Skin Clearing Treatments",,,,random_sample,EradiKate Acne Treatment,2,"This does work, but it’s very harsh and drying. It made my makeup look uneven the day after applying it because it dried my skin out so much where I applied it. The smell is also very strong. I had to return after one use, I didnt like the idea of applying something so strong like that to my face."
REV_01894,2,"Acne, Breakouts & Skin Clearing Treatments",,,,random_sample,AHA/BHA/Retinoid Daily Clarifying Peel,5,"I use a chemical exfoliant 1-2x per week for my sensitive skin, and I’ve really enjoyed the Murad Daily Clarifying Peel over the past few weeks. It’s effective at keeping my pores clear, which is the main reason I use chemical exfoliants. Just be sure to shake it since it has a dual-phase formula."
REV_05511,2,"Acne, Breakouts & Skin Clearing Treatments",,,,random_sample,Beste No. 9 Jelly Cleanser,2,i was so excited to try this out after getting it from the birthday bundle since i heard great things about it: made me break out a few days later and i barely have problems with acne
REV_05250,2,"Acne, Breakouts & Skin Clearing Treatments",,,,random_sample,The POREfessional Speedy Smooth Mask,4,It was gifted by Benefit Cosmetics. I used this mask this morning. It’s in a Tiffany color which I like. Smells like typical mug/clay mask which I don’t mind. I applied an even layer after cleansing on dry skin. It took about 10min for the mask to be completely dried. I then rinsed with warm water. I felt my skin was brighter after the mask. I can’t say it does too much to my pores yet. So I will continue using it in hope to see more good result.
REV_08953,2,"Acne, Breakouts & Skin Clearing Treatments",,,,random_sample,Mini The Essence  Skincare Boosting Treatment,4,"I received this #complimentary along with The Essence for testing purposes. I remove all my makeup followed by The Essence to prep my face for the Violet-C Brightening Serum to help with my redness and uneven skin texture. Other Vitamin C serums are way to sticky/tacky and I don’t like feeling. This is light and absorbs instantly. I have definitely noticed a difference in the texture of my skin. I didn’t have pigmentation to start with, however I can see that my skin is smoother and more even. The Violet-C Brightening Serum is packed with a 10 percent concentration of exfoliating alpha hydroxy acids sourced from seven different fruits to promote radiance and boost the brightening effects of vitamin C. Definitely recommend! #ISeeVioletC #influenster #tatcha #skincare #selfcare #skinbrightening"
REV_09625,2,"Acne, Breakouts & Skin Clearing Treatments",,,,random_sample,Avocado Nourishing Hydration Mask,4,Really nice results from this mask. My skin feels really soft and nourished (I have oily skin and it doesn’t clog pores). I apply a small quantity and warm it up between my fingers before applying to face. It’s very rich and full of good ingredients I don’t expect it to be smooth and easy to apply I just care for it to work.
REV_05878,2,"Acne, Breakouts & Skin Clearing Treatments",,,,random_sample,Confidence in a Cream Anti-Aging Hydrating Moisturizer,5,"I used this over the course of the past 2 weeks, and I am not sure I will ever stop using it. The texture of the cream is great. You almost immediately feel a difference with the skin. It is firm and revitalized within days of using it. I do not have a huge wrinkle problem (yet), but it does feel like smoothened the lines that I already have.I think this is much better than a lot of other more expensive creams I tried, and I would recommend giving it a try."
REV_00838,3,Lip Care & Balms,,,,random_sample,Unseen Sunscreen SPF 40 PA+++,5,Love this. apply smooth. Only one my toddler will put on his face without fighting. I will apply over makeup mid day to keep me protected.
REV_05297,3,Lip Care & Balms,,,,random_sample,10% Niacinamide Night Mask,5,"This is such a pretty color! I love purple but there aren’t that many purple-toned skincare products from brands I like so this is a welcome surprise. As a visual person, this definitely adds to the experience for me. I like the formula too, it’s thick but absorbs pretty well so I don’t smear it all over my pillowcase. My skin always feels so soft and hydrated in the morning! gifted by Farmacy Beauty"
REV_05203,3,Lip Care & Balms,,,,random_sample,Mask-imum Revival Hydra-Plumping Mask,5,"I’m impressed. Received as a sample, tried it for the first time last night. It was very moisturizing, plumping and (knock on wood) didn’t cause my sensitive skin to feel irritated or break out. I think I’m going to purchase a full size pretty soon."
REV_07522,3,Lip Care & Balms,,,,random_sample,Power Couple Advanced Retinol and Lactic Acid Duo,5,This set is amazing after the first use I noticed a huge difference. I reorder two more sets during the sale. I wish the Good Genes was a larger size but I can’t be without these.
REV_03867,3,Lip Care & Balms,,,,random_sample,Glow Lip Pop Lip Balm,5,Gifted by Glow Recipe. Absolutely adore this lip balm. The scent is amazing and it makes my lips feel silky smooth and hydrated! I also appreciate the slight pink tint it gives my lips. Can’t wait to try the watermelon one.
REV_07177,3,Lip Care & Balms,,,,random_sample,The Silk Peony Melting Eye Cream,1,"It does not melt is cakes. Does not absorb, sits like a top inconvenient layer interfering with the rest of your moisture routine. Have to ready run it around the eye area which leaves the skin feeling sore. Although their other products are great, this is a solid disappointment and waste of a lot of money. Disappointing!"
REV_09835,3,Lip Care & Balms,,,,random_sample,Confidence in a Gel Lotion,5,Great Product! Works well even when the weather is dry! I recommend!
REV_09391,3,Lip Care & Balms,,,,random_sample,Acne Solutions Cleansing Bar For Face and Body,5,"Love it! Been using this line of product, I have been using it for 3 years and I won’t change ever!"
REV_05943,3,Lip Care & Balms,,,,random_sample,Vitamin C Suspension 23% + HA Spheres 2%,3,"I just put 3 stars because I know the formula of what contains is excellent, but i dont really like the texture of the product. I was expecting a jelly water formula and it’s the complete opposite. But for the formula I recommend the product. It isn’t bad."
REV_01719,3,Lip Care & Balms,,,,random_sample,Epidermal Re-Texturizing Micro-Dermabrasion,5,I feel like this gets every little bit off.  Love it.
REV_05696,4,"Fragrance, Scent & Sensory Properties",,,,random_sample,Mini Faded Serum for Dark Spots & Discoloration,1,"It honestly smells exactly like Nair hair removal r cream. The smell is so strong I have to hold my breath to put it on and the smells does linger afterwards. I haven’t seen any noticeable improvements yet, will not re purchase"
REV_06650,4,"Fragrance, Scent & Sensory Properties",,,,random_sample,Rose & Hyaluronic Acid Deep Hydration Toner,5,I love this rose toner it’s really fresh and smell like roses
REV_00598,4,"Fragrance, Scent & Sensory Properties",,,,random_sample,Mini Noni Glow Face Oil,2,Not for me. Don’t like the smell and it caused lots of white heads on my chin and forehead.
REV_06161,4,"Fragrance, Scent & Sensory Properties",,,,random_sample,Watermelon Glow Ultra-Fine Mist,5,Really fine mist and it helps make my powder melt into my skin I like it
REV_05977,4,"Fragrance, Scent & Sensory Properties",,,,random_sample,Full Spectrum 360° Sun Silk Drops Organic Sunscreen SPF 30,5,"Absolutely loved this product! Works wonders, smells amazing, and is so worth it!! Will be getting this again!"
REV_05671,4,"Fragrance, Scent & Sensory Properties",,,,random_sample,Vitamin B Serum with 5% Niacinamide and Peptides,3,"This is a good product for those looking for an easy going serum. The packaging is beautiful, however I was expecting a better scent. But that aside, this product felt great going onto a clean face"
REV_04784,4,"Fragrance, Scent & Sensory Properties",,,,random_sample,Whipped Argan Oil Face Butter,5,"First, love love love that it is a more natural product.  The texture is really nice and goes on very smoooth (I have not had problems with pilling).  Also, it’s definitely very moisturizing.  Some other reviewers have mentioned not liking the smell, but I actually like the smell, if you can even call it a smell - its pretty much non-existent (who wants a bunch of fragrance, that’s not natural!) so maybe the reviews are from people used to heavy fragrance in their products?"
REV_00866,4,"Fragrance, Scent & Sensory Properties",,,,random_sample,Wild Rose Brightening Absolute Oil,4,"Very nice! Haven’t noticed a huge change yet, but I’ve only had it two days, and the product is certainly working for my friend. Not at all thick and annoying, and the fragrance is light and “simple”. A little goes a long way btw. I feel so high-class using this. :)"
REV_05927,4,"Fragrance, Scent & Sensory Properties",,,,random_sample,Turmeric Glow Brightening Moisturizer,4,"I was so excited to get to try this for free. The packaging is beautiful! I love the idea of using pods for refills. Very luxurious moisturizer. I do not like the smell. All I can smell is turmeric..not a fan of it.  But it did leave my skin soft, and smooth. Will definitely continue to use."
REV_03103,4,"Fragrance, Scent & Sensory Properties",,,,random_sample,The Silk Peony Melting Eye Cream,5,"First time trying a Tatcha product and I wasn’t disappointed. It is very hydrating which I love because my skin goes through random phases where it becomes extremely dry around my eyes. The only thing I wasn’t crazy about was the fact that it had a fragrance. It wasn’t a horrible scent, but I don’t like putting fragrances on my face."
REV_02483,5,"Cleansers, Face Wash & Makeup Removal",,,,random_sample,Daily Microfoliant Exfoliator,5,"I love this product for a DEEP clean!  I add a small amount of water and really work the product into my skin and it feels like it gets EVERYTHING out, especially my left over makeup from my initial cleanse!  I can;t wai tto use this in the summer time to get all of my dead skin off or when I need a skin refresh.  Absolutely LOVE this!"
REV_09705,5,"Cleansers, Face Wash & Makeup Removal",,,,random_sample,Superfood Antioxidant Cleanser,5,"Left my skin feeling cleanser and soft, not squeaky clean which creates micro tears and more flare ups. I love to use this for my combination skin, and even left my mom’s dry skin with rosacea much more calm with significantly less redness."
REV_07511,5,"Cleansers, Face Wash & Makeup Removal",,,,random_sample,Purifying Pore Detox Cleanser,4,"It is a good cleanser. I don’t understand how it is rated higher than the clarifying cleanser, but I certainly do see my pores looking better and the overall balance of my skin is getting better too, but I can’t give the praise to solely this product because I use a variety of skincare for my morning and night routine.I will say, I wish the product didn’t feel like it was just sweeping into the water—it just doesn’t seem like i’m really cleaning my face. So I would suggest using another cleanser if you really want to feel clean."
REV_03647,5,"Cleansers, Face Wash & Makeup Removal",,,,random_sample,Cleansing & Exfoliating Wipes,5,I love these!!! I use the green version but it will not showing up for the review. It is a pretty strong scrub on one side and a nice feeling cloth on the other. It cleanses superbly and doesn’t have a strong smell. I can’t find anything like this in any other brand.
REV_09901,5,"Cleansers, Face Wash & Makeup Removal",,,,random_sample,Sugar Hydrating Lip Balm,2,"This lip balm did not work for me at all. I always exfoliate my lips before applying lip balm or any lip products. When I applied this, it left a white cast on my lips and I had to go in and massage it on my lips thoroughly to get the white cast off. Next, it smells like plastic and I cant get the smell off. Even after wearing it for a while, the smell does not go away and it just bothers me. Once you look past the smell, sticky feel and the white cast, it is okay at hydrating and has minty feel on the lips. But I dont think you need to spend $20 for a lip balm with such cons. I tried this lip balm without any lip scrubs, I tried it with lip scrub (Lush), and I tried it with and without lip mask (Laneige). However, I still get the sticky feel, the smell.If you truly need a lip that does not feel sticky, has no smell, leaves no white cast, and is truly full of hydration and nourishment....try the Tatcha lip balm ($36). Yes, it is expensive, but everything about the Tatcha lip balm is worth it.I usually buy EOS or the Burt Bees lip balms because I like minty feeling on my lips. But once I discovered Tatcha lip balm, I have not gone back to the drugstore ones."
REV_00910,5,"Cleansers, Face Wash & Makeup Removal",,,,random_sample,Argan Cleansing Oil,5,"I love to use this product at night to start my cleansing process, it feels so wonderful to remove your makeup. I have even gotten used to the bitter taste as the other reviews have noted if you get it on your lips. The only flaw is the bottle design, it continually leaks, need to go back to the design drawing board for that, I bought a beautiful glass dispenser and that did the trick. I have combo skin that is very sensitive and highly reactive with acne at times, this cleanser is very calming, my skin looks forward to its nightly routine. Lush is the best word to describe it."
REV_07276,5,"Cleansers, Face Wash & Makeup Removal",,,,random_sample,Smoothing Facial Polish - Imperial Glow,4,This cleanser did a great job of exfoliating and brightening my skin. I don’t know that I could see a difference right away but my skin felt very refreshed and clean and it didn’t dry it out which can happen with these exfoliating products. Loved it but a little pricey for me so I’m a maybe on buying it. It’s really nice though!
REV_09813,5,"Cleansers, Face Wash & Makeup Removal",,,,random_sample,The Rice Wash Skin-Softening Cleanser,5,"I absolutely love my rice wash cleanser from Tatcha!! It is the perfect facial cleanser!! It left my face feeling refreshed, hydrated and soft!! It is my new go to! It’s gentle and has amazing, clean ingredients!!!"
REV_07416,5,"Cleansers, Face Wash & Makeup Removal",,,,random_sample,Acne Control Clarifying Cream Cleanser,5,This is a very nice cleanser. Prior to this I was using Proactiv and similar brands. This cleanser combines a toner in the formula and I found that all of the makeup residue is removed with the cleanser. I use a makeup remover prior to cleansing and use my clarisonic... there is a lot of product in the container for the price... will probably purchase again.
REV_05362,5,"Cleansers, Face Wash & Makeup Removal",,,,random_sample,Soy Hydrating Gentle Face Cleanser,5,"Fresh and natural. It is a very good daily cleanser, one of better ones out there. For those that are sensitive to “natural scents“ I don’t recommend it just because it does have a little hint of the soy scent to it."
